,smiles,homo,lumo,gap,mol_wt,nhoh_ct,valence,mole_logp,tpsa,enthalpy
0,O=C1CNC(=O)N1,-0.266,-0.0096,0.2565,100.027277368,2,38,-1.1742,58.2,-376.654541
1,CCC1(O)CCC1,-0.2513,0.0706,0.3219,100.088815004,1,42,1.3114,20.23,-310.9066
2,CC1(COC1)C#N,-0.2711,0.0198,0.2909,97.052763844,0,38,0.5464800000000001,33.019999999999996,-324.561173
3,NC(=O)OC1CC1,-0.265,0.0562,0.3212,101.047678464,2,40,0.24410000000000004,52.32000000000001,-361.732099
4,CC1OCC(=O)O1,-0.2728,0.0037,0.2765,102.031694052,0,40,-0.09420000000000006,35.53,-381.628571
5,CC1CNC(=O)O1,-0.2604,0.0537,0.3141,101.047678464,1,40,0.11470000000000008,38.33,-361.765626
6,N=C1NC(=O)C=C1,-0.2673,-0.0808,0.1865,96.032362748,2,36,-0.35033000000000003,52.95,-339.484329
7,CC12CC(C1)CO2,-0.2332,0.0911,0.3243,98.07316494,0,40,1.1853,9.23,-309.698809
8,CCC1CC(=O)C1,-0.2392,-0.0162,0.223,98.07316494,0,40,1.3755,17.07,-309.727004
9,CC(O)C(C)CO,-0.2518,0.0657,0.3175,104.083729624,2,44,-0.0043999999999999595,40.46,-348.041861
10,CC#CC1(C)CC1,-0.225,0.0633,0.2883,94.07825032,0,38,1.8098,0.0,-272.545293
11,CN1CCC(=O)C1,-0.211,-0.0175,0.1935,99.068413908,0,40,-0.10899999999999999,20.310000000000002,-325.781523
12,CCC(=O)C(C)=O,-0.2389,-0.0809,0.158,100.052429496,0,40,0.5545,34.14,-345.686402
13,CN1CC2(CO2)C1,-0.2155,0.0814,0.2969,99.068413908,0,40,-0.29920000000000013,15.77,-325.713206
14,CC1CC=C(C)C1,-0.2237,0.0359,0.2596,96.093900384,0,40,2.3626000000000005,0.0,-273.804322
15,OCC1CC(=O)O1,-0.2796,0.0025,0.2821,102.031694052,1,40,-0.7058,46.53,-381.605112
16,CC12CC(CC1)O2,-0.2399,0.0895,0.3293,98.07316494,0,40,1.3277999999999999,9.23,-309.703173
17,CC1(O)CC2OC12,-0.2542,0.0708,0.325,100.052429496,1,40,-0.09150000000000014,32.76,-345.604536
18,CC(=O)C1(C)CO1,-0.2466,-0.0235,0.2232,100.052429496,0,40,0.36429999999999996,29.6,-345.649638
19,CC(=O)C(=O)CO,-0.2585,-0.0974,0.1612,102.031694052,1,40,-0.8632000000000002,54.370000000000005,-381.607936
20,CC12CC1C(=O)N2,-0.2431,0.0119,0.2549,97.052763844,1,38,-0.1051999999999999,29.1,-324.56898
21,N=C1COC(=N)N1,-0.2499,0.0033,0.2533,99.04326178,3,38,-0.48176000000000013,68.96,-356.721534
22,CC(C)C(=O)CO,-0.2628,-0.0244,0.2384,102.06807956,1,42,0.20380000000000004,37.3,-346.868893
23,CCC(=O)C(N)=N,-0.2473,-0.0499,0.1974,100.063662876,3,40,-0.0985299999999999,66.94,-341.860877
24,CCCC1(C)CO1,-0.2586,0.0878,0.3464,100.088815004,0,42,1.5754000000000001,12.53,-310.902188
25,CC1(O)C2COC12,-0.2247,0.0704,0.2951,100.052429496,1,40,-0.23399999999999999,29.46,-345.592304
26,CC1(C)C2CC1C2,-0.2809,0.0939,0.3748,96.093900384,0,40,2.0524,0.0,-273.72454
27,CC(N)C(N)C#N,-0.2381,0.0205,0.2587,99.07964728799999,4,40,-0.81552,75.83,-321.948992
28,CN(C=N)C(N)=O,-0.2439,0.0078,0.2517,101.058911844,3,40,-0.3960299999999998,70.18,-357.930841
29,CC1=CCC(=O)N1,-0.2108,0.0052,0.216,97.052763844,1,38,0.41009999999999996,29.1,-324.626923
30,O=C1CCC(=O)C1,-0.2427,-0.0443,0.1984,98.036779432,0,38,0.3085,34.14,-344.498577
31,OC1(COC1)C#C,-0.2539,0.0194,0.2733,98.036779432,1,38,-0.6191,29.46,-344.377269
32,CC12CC1C(O)C2,-0.2448,0.078,0.3228,98.07316494,1,40,0.7771999999999999,20.23,-309.683569
33,CC1(C)CC2NC12,-0.225,0.0879,0.3129,97.08914935199999,1,40,0.7566999999999999,21.94,-289.794172
34,N=C1CCC(=O)N1,-0.2573,-0.0057,0.2516,98.048012812,2,38,-0.12633,52.95,-340.692739
35,OCC1CC(O)C1,-0.254,0.0759,0.3299,102.06807956,2,42,-0.2504000000000001,40.46,-346.824551
36,N=C1CNC(=O)N1,-0.2524,0.0051,0.2575,99.04326178,3,38,-0.7235300000000002,64.98,-356.751201
37,CC(=O)CC1CC1,-0.2366,-0.0084,0.2282,98.07316494,0,40,1.3755,17.07,-309.718683
38,CC1CC(CO)O1,-0.2462,0.0758,0.322,102.06807956,1,42,0.15609999999999996,29.46,-346.830573
39,COCC1(C)CC1,-0.2509,0.0847,0.3357,100.088815004,0,42,1.4329,9.23,-310.890001
40,CC#CC1(C)CO1,-0.2449,0.0353,0.2802,96.057514876,0,38,0.7986,12.53,-308.467768
41,O=CC12CC(C1)O2,-0.2522,-0.0431,0.2091,98.036779432,0,38,0.11669999999999991,26.3,-344.377934
42,CC(O)C1(C)CC1,-0.2606,0.0735,0.3341,100.088815004,1,42,1.1673,20.23,-310.901861
43,CN1CC1(C)CO,-0.2295,0.0816,0.311,101.084063972,1,42,-0.3172000000000001,23.240000000000002,-326.93499
44,CC1COC(=N)O1,-0.2522,0.0577,0.3099,101.047678464,1,40,0.35647,42.31,-361.732685
45,O=C1CC(O1)C#N,-0.3048,-0.0226,0.2823,97.016378336,0,36,-0.17452,50.09,-359.335537
46,NC1CC1(N)C#N,-0.2386,0.0318,0.2705,97.06399722399999,4,38,-1.06152,75.83,-320.732614
47,CC12CC1(C)OC2,-0.224,0.0877,0.3117,98.07316494,0,40,1.1853,9.23,-309.679067
48,CC1COC(C)=N1,-0.2397,0.0312,0.2709,99.068413908,0,40,0.8235,21.59,-325.801841
49,COC(=O)C(N)=O,-0.251,-0.0451,0.2059,103.02694302,2,40,-1.3553000000000002,69.39,-397.70068
50,CN1CC1(C)C#N,-0.2531,0.0254,0.2784,96.06874825599999,0,38,0.21407999999999994,26.799999999999997,-304.673753
51,OC1COCC=C1,-0.2514,0.0148,0.2662,100.052429496,1,40,-0.06630000000000003,29.46,-345.640162
52,CC1CN1CC=O,-0.2392,-0.0224,0.2168,99.068413908,0,40,-0.11060000000000003,20.08,-325.742215
53,CC12NC3C1NC23,-0.2222,0.0692,0.2914,96.06874825599999,2,38,-0.9291,24.06,-304.577091
54,CC12OC1CC2=O,-0.2423,-0.0253,0.217,98.036779432,0,38,0.11670000000000003,29.6,-344.427484
55,CC1C2OCC12O,-0.2254,0.0633,0.2887,100.052429496,1,40,-0.23400000000000004,29.46,-345.593635
56,CC12CC3OC1C23,-0.2245,0.0819,0.3064,96.057514876,0,38,0.7936,9.23,-308.443754
57,CC1NC11COC1,-0.242,0.0611,0.3031,99.068413908,1,40,-0.2529000000000001,31.17,-325.718255
58,CC12CCC1CC2,-0.2572,0.0843,0.3415,96.093900384,0,40,2.1965000000000003,0.0,-273.757877
59,CC(C)C1CCC1,-0.2829,0.0856,0.3685,98.109550448,0,42,2.442500000000001,0.0,-274.976805
60,OC1CCCC1=O,-0.2511,-0.0276,0.2234,100.052429496,1,40,0.10030000000000006,37.3,-345.680159
61,CC1CC=CC1C,-0.2345,0.0292,0.2637,96.093900384,0,40,2.2184999999999997,0.0,-273.795636
62,[NH3+]C1CC1C([O-])=O,-0.2475,0.0259,0.2734,101.047678464,3,40,-2.6332999999999993,67.77000000000001,-361.727206
63,N=C1CNCCO1,-0.2305,0.0196,0.2502,100.063662876,2,40,-0.4165300000000003,45.11,-341.829608
64,O=C1CNCCN1,-0.2288,0.0339,0.2627,100.063662876,2,40,-1.2942,41.13,-341.859909
65,CC1CC(C)C1=O,-0.2335,-0.0142,0.2193,98.07316494,0,40,1.2314,17.07,-309.730308
66,OC1CC2CC1O2,-0.2442,0.0826,0.3268,100.052429496,1,40,-0.09150000000000014,29.46,-345.622572
67,NC1CCOC1=O,-0.2438,0.0095,0.2533,101.047678464,2,40,-0.7394000000000003,52.32,-361.744885
68,O=C1NCCC=C1,-0.2393,-0.0314,0.2079,97.052763844,1,38,0.0625,29.1,-324.618505
69,NC1=NC2CC2O1,-0.2181,0.0534,0.2715,98.048012812,2,38,-0.5278000000000003,47.61,-340.630684
70,O=C1CC2CC2C1,-0.2394,-0.016,0.2233,96.057514876,0,38,0.9854,17.07,-308.533966
71,OC12CC3C1CC23,-0.2545,0.0802,0.3347,96.057514876,1,38,0.3871,20.23,-308.43432
72,C#CCC1CCO1,-0.2445,0.0503,0.2948,96.057514876,0,38,0.7986,9.23,-308.454737
73,CC1OCOC1C,-0.2495,0.0859,0.3354,102.06807956,0,42,0.7676999999999999,18.46,-346.854617
74,OC1CC1CC=O,-0.2436,-0.0163,0.2274,100.052429496,1,40,-0.04380000000000006,37.3,-345.631468
75,CC12CN1CC2=O,-0.2437,-0.0201,0.2236,97.052763844,0,38,-0.35660000000000003,20.08,-324.546597
76,CC1CCC=CC1,-0.2345,0.0336,0.268,96.093900384,0,40,2.3626000000000005,0.0,-273.80365
77,CC12CC1NC2=O,-0.242,0.0113,0.2532,97.052763844,1,38,-0.10520000000000013,29.1,-324.56712
78,CC1OC(=N)C1N,-0.2475,0.0213,0.2688,100.063662876,3,40,-0.29033000000000014,59.099999999999994,-341.823675
79,CC1COC=NC1,-0.2443,0.0284,0.2727,99.068413908,0,40,0.681,21.59,-325.788109
80,COCC1CC1C,-0.248,0.0899,0.3379,100.088815004,0,42,1.2888000000000002,9.23,-310.886038
81,CC1C(O)CC1O,-0.2464,0.0678,0.3141,102.06807956,2,42,-0.252,40.46,-346.828432
82,C1C2CC1C=CC2,-0.2297,0.0237,0.2535,94.07825032,0,38,1.9725,0.0,-272.5745
83,CC1C2COC12C,-0.2277,0.0832,0.3109,98.07316494,0,40,1.0412,9.23,-309.676019
84,N=COC1COC1,-0.2589,0.018,0.2769,101.047678464,1,40,0.008869999999999933,42.31,-361.669942
85,N=C1OC2CC1C2,-0.2554,0.0314,0.2868,97.052763844,1,38,0.77247,33.08,-324.56181
86,CC1OCOC1=N,-0.2689,0.0189,0.2878,101.047678464,1,40,0.35647,42.31,-361.721595
87,CC1NC(=O)C1O,-0.2494,0.0209,0.2703,101.047678464,2,40,-1.1344,49.33,-361.723067
88,CC1C(O)CC1=O,-0.2386,-0.0168,0.2218,100.052429496,1,40,-0.043800000000000006,37.3,-345.652087
89,CC12NC1CC=C2,-0.2264,0.0198,0.2462,95.073499288,1,38,0.6768000000000001,21.94,-288.620353
90,CN1CC1CCO,-0.2226,0.0765,0.2991,101.084063972,1,42,-0.3172000000000001,23.240000000000002,-326.92562
91,O=C1CCCC=C1,-0.2353,-0.0468,0.1885,96.057514876,0,38,1.2955999999999999,17.07,-308.554247
92,O=C1CCC=CN1,-0.2173,-0.0032,0.2141,97.052763844,1,38,0.41009999999999996,29.1,-324.623253
93,CC(C)C1OC1C,-0.2563,0.0865,0.3428,100.088815004,0,42,1.4297,12.53,-310.903312
94,OC1CC2OC2C1,-0.2452,0.0777,0.3229,100.052429496,1,40,-0.09149999999999991,32.76,-345.634882
95,CC1CC11COC1,-0.2394,0.0717,0.3111,98.07316494,0,40,1.0428,9.23,-309.6735
96,O=C1OCCC=C1,-0.2631,-0.0462,0.2169,98.036779432,0,38,0.48950000000000005,26.3,-344.492443
97,CC1OC=NC1C,-0.2442,0.0254,0.2696,99.068413908,0,40,0.8219,21.59,-325.792623
98,CC1CC2CC12C,-0.2419,0.0882,0.3301,96.093900384,0,40,2.0524,0.0,-273.757509
99,COCC1OC1C,-0.2544,0.0852,0.3396,102.06807956,0,42,0.42010000000000003,21.759999999999998,-346.812271
100,CN1C=CCC1=O,-0.2092,0.0002,0.2094,97.052763844,0,38,0.3622,20.310000000000002,-324.616237
101,O=C1CCNC=C1,-0.2163,-0.0262,0.19,97.052763844,1,38,0.06250000000000006,29.1,-324.607943
102,CC12OC1CC2O,-0.2469,0.0838,0.3307,100.052429496,1,40,-0.09150000000000008,32.76,-345.612454
103,CC1CC1C(N)=O,-0.2437,0.0297,0.2734,99.068413908,2,40,0.12770000000000004,43.09,-325.799031
104,CC1=CC2CC1C2,-0.2118,0.0258,0.2377,94.07825032,0,38,1.9725,0.0,-272.550367
105,CCCC1OC1C,-0.2566,0.0946,0.3511,100.088815004,0,42,1.5737999999999999,12.53,-310.901982
106,CC1=NCCCO1,-0.238,0.0338,0.2718,99.068413908,0,40,0.8251000000000001,21.59,-325.796814
107,CC1=CCOC1=N,-0.2417,-0.0216,0.2201,97.052763844,1,38,0.94017,33.08,-324.60274
108,CC1C2CCC12O,-0.2432,0.0822,0.3255,98.07316494,1,40,0.7771999999999999,20.23,-309.67933
109,CN1CCOC1=O,-0.2473,0.0552,0.3025,101.047678464,0,40,0.06840000000000002,29.54,-361.756857
110,O=CNC1COC1,-0.2564,0.0197,0.2761,101.047678464,1,40,-0.8688000000000002,38.33,-361.702411
111,CC(O)C1NC1C,-0.2434,0.073,0.3164,101.084063972,2,42,-0.2725000000000002,42.17,-326.943545
112,O=C1CCCCN1,-0.2344,0.0337,0.2681,99.068413908,1,40,0.28650000000000003,29.1,-325.824368
113,CN1CC1C(C)=O,-0.2272,-0.024,0.2032,99.068413908,0,40,-0.11060000000000003,20.08,-325.755993
114,CC12OC3CC1C23,-0.2252,0.0905,0.3157,96.057514876,0,38,0.7936,9.23,-308.448106
115,C1C2CC1OCO2,-0.243,0.0906,0.3336,100.052429496,0,40,0.5216999999999999,18.46,-345.619556
116,CC1OC1CCO,-0.2601,0.0787,0.3388,102.06807956,1,42,0.15609999999999996,32.76,-346.822171
117,OC12CC3C1N3C2,-0.2282,0.0654,0.2936,97.052763844,1,38,-0.8124,23.240000000000002,-324.493721
118,CC(=O)C1CC1O,-0.2418,-0.0222,0.2196,100.052429496,1,40,-0.043800000000000006,37.3,-345.655591
119,CC1C2OCC12C,-0.2284,0.0799,0.3083,98.07316494,0,40,1.0412,9.23,-309.67174
120,CC12CCC1OC2,-0.2382,0.0719,0.3101,98.07316494,0,40,1.1853,9.23,-309.681046
121,CC1=CC2CC2C1,-0.2156,0.0292,0.2447,94.07825032,0,38,1.9725,0.0,-272.582541
122,O=C1CNCC=C1,-0.2164,-0.0521,0.1643,97.052763844,1,38,-0.2850999999999999,29.1,-324.588411
123,CC#CC1COC1,-0.2463,0.0457,0.292,96.057514876,0,38,0.6561,9.23,-308.461531
124,N#CCC1CCO1,-0.2643,0.0283,0.2926,97.052763844,0,38,0.6889799999999999,33.019999999999996,-324.563063
125,NC(=O)C1CC1O,-0.2359,0.0182,0.2541,101.047678464,3,40,-1.1475000000000004,63.32000000000001,-361.727204
126,OC12CC3CC1C23,-0.2393,0.0812,0.3205,96.057514876,1,38,0.3871,20.23,-308.452708
127,N#CCC1COC1,-0.262,0.0244,0.2864,97.052763844,0,38,0.5464800000000001,33.019999999999996,-324.558729
128,CC12CCC1CO2,-0.2366,0.0782,0.3148,98.07316494,0,40,1.1853,9.23,-309.684983
129,CC12CC1OCO2,-0.2269,0.0924,0.3193,100.052429496,0,40,0.5216999999999999,18.46,-345.625148
130,CC1CC(=O)N1C,-0.2392,0.0405,0.2797,99.068413908,0,40,0.237,20.310000000000002,-325.800213
131,CC12CC3C(O1)C23,-0.2267,0.0851,0.3119,96.057514876,0,38,0.7936,9.23,-308.448709
132,CC1OC2CC1C2,-0.2346,0.0977,0.3323,98.07316494,0,40,1.1837,9.23,-309.694575
133,CC1C2OC1C2O,-0.2388,0.0633,0.3021,100.052429496,1,40,-0.2356000000000001,29.46,-345.571393
134,O=C1NCC=CN1,-0.2111,0.0137,0.2248,98.048012812,2,38,-0.1871,41.13,-340.682299
135,OC1CC1OC=N,-0.2443,0.0132,0.2575,101.047678464,2,40,-0.25673000000000007,53.31,-361.670071
136,C#CC(C#C)C#C,-0.2684,0.0267,0.2952,88.031300128,0,32,0.5022,0.0,-268.851104
137,O=CNC1CCC1,-0.2488,0.0311,0.2799,99.068413908,1,40,0.2848999999999997,29.1,-325.786496
138,CC1N=CNC1=O,-0.2463,-0.0165,0.2298,98.048012812,1,38,-0.467,41.46,-340.681546
139,O=C1CCCCC1,-0.2332,-0.0094,0.2238,98.07316494,0,40,1.5196,17.07,-309.756668
140,CC1C2NC1C2=O,-0.248,0.002,0.25,97.052763844,1,38,-0.45440000000000014,29.1,-324.513185
141,CC1=CCCC1O,-0.2389,0.0226,0.2615,98.07316494,1,40,1.0874000000000001,20.23,-309.729534
142,O=C1CC2CC1O2,-0.2334,-0.0197,0.2137,98.036779432,0,38,0.11670000000000003,26.3,-344.436028
143,COCC1COC1,-0.2439,0.0828,0.3267,102.06807956,0,42,0.2792,18.46,-346.806976
144,CC1CC(=O)C1O,-0.25,-0.0271,0.2229,100.052429496,1,40,-0.043800000000000006,37.3,-345.651602
145,CC12NC1CC2O,-0.2323,0.0745,0.3068,99.068413908,2,40,-0.5185000000000002,42.17,-325.72814
146,CC12CC1CC2=O,-0.237,-0.0047,0.2322,96.057514876,0,38,0.9854,17.07,-308.509464
147,CC(O)C1CCO1,-0.2519,0.0719,0.3238,102.06807956,1,42,0.15609999999999996,29.46,-346.829859
148,CC1OC(C)C1=O,-0.2511,-0.0299,0.2213,100.052429496,0,40,0.3627,26.3,-345.653175
149,CC1CCCC=C1,-0.2348,0.0303,0.2651,96.093900384,0,40,2.3626000000000005,0.0,-273.802921
150,O=C1COC=NC1,-0.2421,-0.0374,0.2046,99.0320284,0,38,-0.3859999999999999,38.66,-360.525406
151,N=C1CCCCO1,-0.2539,0.0233,0.2772,99.068413908,1,40,1.1641700000000001,33.08,-325.794637
152,CN1CC1C(N)=O,-0.2241,0.0152,0.2393,100.063662876,2,40,-1.2142999999999995,46.1,-341.827778
153,CC1COCC1O,-0.2408,0.0672,0.308,102.06807956,1,42,0.013600000000000001,29.46,-346.848249
154,CC12CC=CC1N2,-0.2247,0.0093,0.2339,95.073499288,1,38,0.6767999999999998,21.94,-288.623704
155,CC1OC11CCC1,-0.2541,0.0794,0.3335,98.07316494,0,40,1.3277999999999999,12.53,-309.688471
156,O=C1NCCCN1,-0.2353,0.0609,0.2962,100.063662876,2,40,-0.31070000000000014,41.13,-341.883641
157,OC12CC1C=CC2,-0.2267,0.0207,0.2474,96.057514876,1,38,0.6973,20.23,-308.502292
158,OC1CCCCC1,-0.2575,0.0809,0.3384,100.088815004,1,42,1.3114,20.23,-310.937276
159,CC1CN1CC#C,-0.227,0.0397,0.2667,95.073499288,0,38,0.3237000000000001,3.01,-288.561334
160,CC1OCCC=C1,-0.2424,0.0227,0.2651,98.07316494,0,40,1.3514,9.23,-309.722702
161,CC1OC(=N)C1C,-0.2579,0.0309,0.2888,99.068413908,1,40,1.01847,33.08,-325.780069
162,CC1NC1CC=O,-0.2396,-0.0187,0.2209,99.068413908,1,40,-0.06430000000000025,39.010000000000005,-325.752806
163,CC1OCCC1=O,-0.2422,-0.0251,0.2171,100.052429496,0,40,0.36430000000000007,26.3,-345.673086
164,CC1C2CCC12C,-0.2394,0.0916,0.331,96.093900384,0,40,2.0524,0.0,-273.756107
165,NC12CC1OC2=N,-0.2443,0.0186,0.2629,98.048012812,3,38,-0.5363300000000002,59.1,-340.588866
166,CC12CC=CC1O2,-0.2424,0.0043,0.2467,96.057514876,0,38,1.1038,12.53,-308.506034
167,CC1CC2CC1C2,-0.2924,0.0916,0.384,96.093900384,0,40,2.0524,0.0,-273.773843
168,CC1C2OC1C2C,-0.2343,0.0892,0.3235,98.07316494,0,40,1.0396,9.23,-309.644058
169,OC12CC1OC2=N,-0.2623,0.0144,0.2767,99.0320284,2,38,-0.5027300000000001,53.31,-360.462292
170,OC12CN3C1CC23,-0.244,0.0724,0.3163,97.052763844,1,38,-0.8124,23.47,-324.468456
171,CC1OCC=C1C,-0.2248,0.0252,0.25,98.07316494,0,40,1.3514,9.23,-309.725486
172,CC(O)C1COC1,-0.2417,0.0647,0.3064,102.06807956,1,42,0.013600000000000056,29.46,-346.820396
173,OC12CC1CCC2,-0.2494,0.0836,0.3331,98.07316494,1,40,0.9213,20.23,-309.712315
174,CC1C=CNC1=O,-0.2159,-0.0013,0.2147,97.052763844,1,38,0.26600000000000007,29.1,-324.618699
175,CCCC1CC1C,-0.2615,0.0923,0.3538,98.109550448,0,42,2.442500000000001,0.0,-274.973709
176,CCCC1CN1C,-0.2198,0.0846,0.3043,99.10479941599999,0,42,1.1005,3.01,-291.005326
177,OC1COCOC1,-0.254,0.0609,0.3149,104.047344116,1,42,-0.6484000000000001,38.69,-382.774486
178,OC12CC1OCC2,-0.2266,0.0755,0.302,100.052429496,1,40,-0.08990000000000009,29.46,-345.625976
179,CC1N=COC1=O,-0.2743,-0.0288,0.2455,99.0320284,0,38,-0.040000000000000036,38.66,-360.557457
180,CC#CC1CCO1,-0.2423,0.0294,0.2717,96.057514876,0,38,0.7986,9.23,-308.462513
181,OC1C=CNC1=O,-0.2281,-0.0232,0.2049,99.0320284,2,38,-1.0092,49.33,-360.535287
182,N=C1CCOCO1,-0.2642,0.0132,0.2774,101.047678464,1,40,0.35806999999999994,42.31,-361.716672
183,[O-]C(=O)C1C[NH2+]C1,-0.2563,0.0182,0.2745,101.04767846399999,2,40,-3.070499999999999,56.739999999999995,-361.715257
184,CN1CC1CC=O,-0.2324,-0.0248,0.2076,99.068413908,0,40,-0.11060000000000003,20.08,-325.739672
185,OC1CCCC1O,-0.252,0.0647,0.3167,102.06807956,2,42,-0.10790000000000005,40.46,-346.857343
186,O=C1NC2CC1C2,-0.2382,0.0216,0.2598,97.052763844,1,38,-0.1052000000000004,29.1,-324.579222
187,OCCC1CCO1,-0.244,0.0787,0.3227,102.06807956,1,42,0.15769999999999995,29.46,-346.81964
188,O=C1OC2CC2O1,-0.2878,0.0351,0.3229,100.016043988,0,38,0.2941,35.53,-380.408954
189,CC1=C(C)COC1,-0.2197,0.0289,0.2486,98.07316494,0,40,1.353,9.23,-309.726212
190,CC12CC1OC2=N,-0.2582,0.0219,0.2801,97.052763844,1,38,0.77247,33.08,-324.543903
191,OC1CCNC1=O,-0.2508,0.0249,0.2757,101.047678464,2,40,-1.1328,49.33,-361.75068
192,CC1NC1CC#C,-0.2443,0.0584,0.3027,95.073499288,1,38,0.37000000000000005,21.94,-288.573867
193,CC1CC=CCO1,-0.2415,0.0257,0.2671,98.07316494,0,40,1.3514,9.23,-309.723316
194,CC1CN(C)C1=O,-0.24,0.0387,0.2787,99.068413908,0,40,0.09450000000000003,20.310000000000002,-325.797725
195,OC1C2CCC12O,-0.2425,0.0728,0.3153,100.052429496,2,40,-0.49799999999999994,40.46,-345.604803
196,COCC1CN1C,-0.2241,0.0811,0.3053,101.084063972,0,42,-0.053199999999999914,12.24,-326.918212
197,CC1CC1CC#C,-0.2552,0.0586,0.3138,94.07825032,0,38,1.6657,0.0,-272.530161
198,CC1CCCC1O,-0.2603,0.0684,0.3287,100.088815004,1,42,1.1673,20.23,-310.929967
199,C1C2CCCC1O2,-0.2356,0.0773,0.313,98.07316494,0,40,1.3277999999999999,9.23,-309.705496
200,N=C1CC2CC2O1,-0.2483,0.0256,0.274,97.052763844,1,38,0.77247,33.08,-324.574471
201,O=COC1CCC1,-0.2763,0.0101,0.2864,100.052429496,0,40,0.7119,26.3,-345.659452
202,OC1CCC=CC1,-0.2402,0.0281,0.2682,98.07316494,1,40,1.0874,20.23,-309.728467
203,CCOC1CC1O,-0.2277,0.0739,0.3016,102.06807956,1,42,0.15609999999999996,29.46,-346.814428
204,CC12COC1CO2,-0.2441,0.0603,0.3044,100.052429496,0,40,0.17409999999999992,18.46,-345.604971
205,CC1OCCCO1,-0.2564,0.0933,0.3497,102.06807956,0,42,0.7693,18.46,-346.859863
206,OC1CC2NC2C1,-0.2441,0.0709,0.315,99.068413908,2,40,-0.5185000000000002,42.17,-325.759483
207,OC1COCC1=O,-0.2592,-0.0409,0.2183,102.031694052,1,40,-1.0534000000000001,46.53,-381.592022
208,CC12OC3C1OC23,-0.2436,0.0546,0.2982,98.036779432,0,38,-0.07510000000000017,18.46,-344.332312
209,NC1=NCCC1=O,-0.239,-0.0531,0.1859,98.048012812,2,38,-0.6836,55.449999999999996,-340.671285
210,CC12CC3C1CN23,-0.2257,0.1011,0.3268,95.073499288,0,38,0.4628,3.24,-288.540704
211,O=CCC1CCO1,-0.2459,-0.0229,0.223,100.052429496,0,40,0.36429999999999996,26.3,-345.632875
212,CC1COCCO1,-0.233,0.096,0.329,102.06807956,0,42,0.42169999999999996,18.46,-346.848544
213,COCC1CC1O,-0.2444,0.0793,0.3236,102.06807956,1,42,0.013600000000000001,29.46,-346.809169
214,CC1CCCCC1,-0.2876,0.0864,0.374,98.109550448,0,42,2.5866000000000007,0.0,-275.012191
215,CN1CC=CC1=O,-0.2368,-0.0264,0.2104,97.052763844,0,38,0.014599999999999946,20.310000000000002,-324.617097
216,O=C1CC2CC2O1,-0.2705,0.0094,0.2799,98.036779432,0,38,0.3218,26.3,-344.47737
217,N#CCN1CCC1,-0.2384,0.0225,0.261,96.06874825599999,0,38,0.21567999999999998,27.03,-304.674096
218,OC1CCOC1=O,-0.2735,0.001,0.2745,102.031694052,1,40,-0.7058,46.53,-381.625129
219,CC(=O)C1CCO1,-0.2348,-0.0169,0.2179,100.052429496,0,40,0.36429999999999996,26.3,-345.643738
220,CC1OC1CC#N,-0.2825,0.0296,0.3121,97.052763844,0,38,0.68738,36.32,-324.564658
221,O=C1COCC1=O,-0.2394,-0.104,0.1354,100.016043988,0,38,-0.8452000000000002,43.370000000000005,-380.395431
222,CN1CC11COC1,-0.2353,0.0687,0.304,99.068413908,0,40,-0.29920000000000013,12.24,-325.707532
223,CC1CC2CC12O,-0.2444,0.0808,0.3251,98.07316494,1,40,0.7771999999999999,20.23,-309.680877
224,CC12CC1OC2=O,-0.2735,0.0032,0.2767,98.036779432,0,38,0.3218,26.3,-344.447517
225,CCOC1CC1C,-0.24,0.093,0.3331,100.088815004,0,42,1.4313,9.23,-310.893329
226,OC12CCC1CC2,-0.2444,0.0766,0.321,98.07316494,1,40,0.9213,20.23,-309.684299
227,OC1CCCOC1,-0.2421,0.0714,0.3136,102.06807956,1,42,0.15769999999999995,29.46,-346.853079
228,O=C1CCCOC1,-0.2324,-0.0213,0.2111,100.052429496,0,40,0.3659,26.3,-345.668979
229,CC12CC1COC2,-0.2473,0.0928,0.3401,98.07316494,0,40,1.0428,9.23,-309.708704
230,CC1CC(O)C1=O,-0.2475,-0.0259,0.2217,100.052429496,1,40,-0.043800000000000006,37.3,-345.652035
231,CC1CCC=C1C,-0.2239,0.0359,0.2598,96.093900384,0,40,2.3626000000000005,0.0,-273.803607
232,OC1CC=CC1=O,-0.2473,-0.0559,0.1914,98.036779432,1,38,-0.12370000000000003,37.3,-344.477278
233,CC1=CCOCC1,-0.2335,0.0285,0.2619,98.07316494,0,40,1.353,9.23,-309.723786
234,CC1OC2CC12C,-0.2273,0.0827,0.3101,98.07316494,0,40,1.1837,9.23,-309.676374
235,CC12COCC1N2,-0.2445,0.0925,0.337,99.068413908,1,40,-0.25290000000000007,31.17,-325.753541
236,N=C1OCOC1=N,-0.2827,-0.0445,0.2383,100.027277368,2,38,-0.054760000000000086,66.16,-376.580245
237,OC12CC1NC2=O,-0.2401,0.0034,0.2435,99.0320284,2,38,-1.3804000000000003,49.33,-360.485663
238,CC#CC1CN1C,-0.219,0.0421,0.2611,95.073499288,0,38,0.3237,3.01,-288.576021
239,C#CCC1COC1,-0.2477,0.0462,0.2939,96.057514876,0,38,0.6561,9.23,-308.450752
240,CC1CC(C)C1O,-0.2489,0.0614,0.3103,100.088815004,1,42,1.0231999999999999,20.23,-310.903798
241,O=C1COCCN1,-0.2373,0.0272,0.2644,101.047678464,1,40,-0.8672,38.33,-361.738033
242,CC12OC3C1NC23,-0.2359,0.0623,0.2982,97.052763844,1,38,-0.5021000000000002,21.259999999999998,-324.456113
243,CC12CN3CC1C23,-0.2193,0.0852,0.3045,95.073499288,0,38,0.32030000000000003,3.24,-288.557964
244,CC12CC3CC1C23,-0.2384,0.1023,0.3407,94.07825032,0,38,1.6622999999999999,0.0,-272.530775
245,OC1C2OC1C2=O,-0.2598,-0.0317,0.2281,100.016043988,1,38,-1.3026000000000002,46.53,-380.310022
246,OC1CC2CN2C1,-0.2212,0.0711,0.2923,99.068413908,1,40,-0.5648,23.240000000000002,-325.747222
247,CC#CC1OC1C,-0.244,0.0303,0.2743,96.057514876,0,38,0.7969999999999999,12.53,-308.468773
248,CC1CCCOC1,-0.2418,0.0872,0.329,100.088815004,0,42,1.4329,9.23,-310.929397
249,CC1=CC2CC1O2,-0.2247,0.0101,0.2348,96.057514876,0,38,1.1038000000000001,9.23,-308.466388
250,CC1CC2CC1O2,-0.2425,0.0913,0.3338,98.07316494,0,40,1.1837,9.23,-309.695677
251,CC1CC1C(C)=O,-0.2399,-0.0096,0.2303,98.07316494,0,40,1.2314,17.07,-309.728138
252,OC1CC11CCC1,-0.2473,0.0807,0.328,98.07316494,1,40,0.9213,20.23,-309.678196
253,CC1CN1C(C)=O,-0.2409,0.0147,0.2556,99.068413908,0,40,0.2370000000000001,20.08,-325.777109
254,CCN=C1CCO1,-0.247,0.0312,0.2782,99.068413908,0,40,0.8251000000000001,21.59,-325.766704
255,CC1CCOC1C,-0.242,0.0788,0.3208,100.088815004,0,42,1.4313,9.23,-310.926639
256,O=C1CN2CC1C2,-0.2197,-0.0129,0.2069,97.052763844,0,38,-0.4990999999999999,20.310000000000002,-324.546091
257,OC1CC1NC=O,-0.2369,0.0338,0.2706,101.047678464,2,40,-1.1344000000000003,49.33,-361.704996
258,O=C1CC=CC1=O,-0.2347,-0.0951,0.1396,96.021129368,0,36,0.08449999999999996,34.14,-343.285127
259,CN1C2CC1C2O,-0.1989,0.0725,0.2713,99.068413908,1,40,-0.5664000000000002,23.47,-325.676433
260,C1C2CC=CC1O2,-0.2333,0.0066,0.2399,96.057514876,0,38,1.1038,9.23,-308.494815
261,OC1C2OC1C2O,-0.2539,0.0494,0.3034,102.031694052,2,40,-1.5108000000000001,49.69,-381.499696
262,N=C1NC=CC1=O,-0.2342,-0.0785,0.1557,96.032362748,2,36,-0.35033000000000003,52.95,-339.457014
263,O=C1COCCO1,-0.2559,0.006,0.2619,102.031694052,0,40,-0.4401999999999999,35.53,-381.609248
264,CC1CC1CC#N,-0.2898,0.0384,0.3283,95.073499288,0,38,1.55608,23.79,-288.639704
265,CC1=C(C)CCC1,-0.2147,0.0398,0.2545,96.093900384,0,40,2.5067000000000004,0.0,-273.808581
266,CC1OC1CC#C,-0.259,0.0516,0.3105,96.057514876,0,38,0.7969999999999999,12.53,-308.456732
267,CC12NC1CC2=O,-0.2347,-0.0135,0.2212,97.052763844,1,38,-0.31030000000000024,39.010000000000005,-324.544148
268,CC1OCCC1O,-0.2374,0.0646,0.302,102.06807956,1,42,0.15609999999999996,29.46,-346.852165
269,CC1CC(O)C1C,-0.251,0.0742,0.3251,100.088815004,1,42,1.0231999999999999,20.23,-310.903794
270,O=C1NC=CC1=O,-0.2435,-0.0954,0.148,97.016378336,1,36,-0.8010000000000002,46.17,-359.355405
271,CC1N=CNC1=N,-0.2315,-0.0035,0.228,97.06399722399999,2,38,-0.016330000000000067,48.24,-320.777578
272,CC1N(C)CC1=O,-0.2291,-0.0213,0.2078,99.068413908,0,40,-0.11060000000000003,20.310000000000002,-325.762931
273,OC1C2OCC12O,-0.2346,0.0545,0.2891,102.031694052,2,40,-1.5092000000000003,49.69,-381.517019
274,O=C1CCCC1=O,-0.2314,-0.088,0.1434,98.036779432,0,38,0.3085,34.14,-344.486872
275,O=C1NC2CC2N1,-0.2336,0.0508,0.2843,98.048012812,2,38,-0.5599000000000001,41.13,-340.658041
276,CC1OCOC1=O,-0.2742,0.0009,0.2751,102.031694052,0,40,-0.09420000000000006,35.53,-381.622839
277,CC1=CC2NC2C1,-0.2221,0.0216,0.2438,95.073499288,1,38,0.6768000000000001,21.94,-288.6216
278,CC(C)C1COC1,-0.2416,0.071,0.3126,100.088815004,0,42,1.2888,9.23,-310.895102
279,OC1CC1CC#C,-0.2529,0.0614,0.3143,96.057514876,1,38,0.3905,20.23,-308.453652
280,C1CC2(C1)CCO2,-0.2371,0.0764,0.3135,98.07316494,0,40,1.3294000000000001,9.23,-309.685573
281,NC(=O)C1CCC1,-0.2421,0.0292,0.2713,99.068413908,2,40,0.2717999999999996,43.09,-325.796038
282,NC(=O)N1CCC1,-0.2335,0.056,0.2894,100.063662876,2,40,-0.22920000000000007,46.330000000000005,-341.851641
283,OC1COC=NC1,-0.2494,0.0238,0.2733,101.047678464,1,40,-0.5942000000000001,41.82,-361.710182
284,CC1OC(=O)C1C,-0.2678,0.0133,0.281,100.052429496,0,40,0.5678,26.3,-345.68488
285,OC1CCCC=C1,-0.2416,0.0165,0.2581,98.07316494,1,40,1.0874,20.23,-309.727674
286,O=C1CCCNC1,-0.2122,-0.0149,0.1973,99.068413908,1,40,-0.0611000000000001,29.1,-325.791364
287,O=C1CCC=CC1,-0.2363,-0.0119,0.2244,96.057514876,0,38,1.2955999999999999,17.07,-308.548211
288,CC1CC2CC2C1,-0.2578,0.0823,0.3401,96.093900384,0,40,2.0524,0.0,-273.781568
289,OC12CC1CC2=O,-0.2363,-0.0111,0.2253,98.036779432,1,38,-0.28980000000000006,37.3,-344.429181
290,OC1CC2CC2C1,-0.2569,0.0748,0.3318,98.07316494,1,40,0.7772,20.23,-309.710922
291,O=C1CCOC1=O,-0.2572,-0.085,0.1722,100.016043988,0,38,-0.49760000000000004,43.370000000000005,-380.431123
292,CC1CN1CCO,-0.2281,0.0871,0.3152,101.084063972,1,42,-0.3172000000000001,23.240000000000002,-326.930942
293,CC1CCOC1=O,-0.2629,0.015,0.2779,100.052429496,0,40,0.5694,26.3,-345.702491
294,CC1OC(C)C1C,-0.2377,0.0821,0.3199,100.088815004,0,42,1.4297,9.23,-310.906862
295,OC12CC3C1OC23,-0.2301,0.07,0.3,98.036779432,1,38,-0.48160000000000003,29.46,-344.344489
296,CN1CC(O)C1=O,-0.244,0.0238,0.2678,101.047678464,1,40,-1.1807,40.54,-361.717743
297,CC(O)C1CCC1,-0.2609,0.0762,0.3371,100.088815004,1,42,1.1673,20.23,-310.902035
298,O=C1OC2CC1C2,-0.2634,0.0128,0.2762,98.036779432,0,38,0.3218,26.3,-344.463269
299,CC(C)C1CC1C,-0.2631,0.0867,0.3498,98.109550448,0,42,2.2984,0.0,-274.97494
300,COCC1CCO1,-0.2453,0.0755,0.3208,102.06807956,0,42,0.4217000000000001,18.46,-346.810556
301,O=C1CCCCO1,-0.2574,0.0139,0.2713,100.052429496,0,40,0.7135,26.3,-345.695959
302,CCCC1CCC1,-0.2835,0.0895,0.373,98.109550448,0,42,2.5866000000000007,0.0,-274.975604
303,C1C2CC1COC2,-0.2449,0.0834,0.3284,98.07316494,0,40,1.0428,9.23,-309.699418
304,OC1CCOC1=N,-0.2693,0.0189,0.2882,101.047678464,2,40,-0.25513,53.31,-361.724689
305,CC1OC11COC1,-0.2527,0.0694,0.3221,100.052429496,0,40,0.17409999999999992,21.759999999999998,-345.60342
306,CC12COC1C2O,-0.2338,0.059,0.2928,100.052429496,1,40,-0.23400000000000004,29.46,-345.596011
307,CC1CC2OC2C1,-0.2547,0.0908,0.3455,98.07316494,0,40,1.1837,12.53,-309.712728
308,N=C1NCCC1=O,-0.2387,-0.0521,0.1866,98.048012812,2,38,-0.4739300000000002,52.95,-340.655911
309,OC1CCOCC1,-0.2494,0.0785,0.3279,102.06807956,1,42,0.15769999999999995,29.46,-346.854046
310,CC12COCC1O2,-0.2523,0.0931,0.3454,100.052429496,0,40,0.17409999999999992,21.759999999999998,-345.634563
311,O=C1NC2CC2O1,-0.2547,0.0455,0.3002,99.0320284,1,38,-0.13290000000000002,38.33,-360.534497
312,CC12CC1C=CC2,-0.2226,0.0252,0.2478,94.07825032,0,38,1.9725,0.0,-272.57978
313,CC(O)C1CC1C,-0.2554,0.0773,0.3327,100.088815004,1,42,1.0232,20.23,-310.900444
314,C1C2CC1N=CO2,-0.2483,0.0166,0.2649,97.052763844,0,38,0.5759000000000001,21.59,-324.562719
315,CC12OCC1C2O,-0.233,0.0665,0.2995,100.052429496,1,40,-0.23400000000000004,29.46,-345.600572
316,CC1NC(C)C1=O,-0.241,-0.0222,0.2188,99.068413908,1,40,-0.06430000000000025,29.1,-325.770975
317,CC1OC1C(N)=O,-0.2483,0.0147,0.263,101.047678464,2,40,-0.7410000000000001,55.62,-361.723275
318,CN1CC1CC#C,-0.2271,0.0507,0.2777,95.073499288,0,38,0.3237,3.01,-288.561695
319,CC12CC1CCO2,-0.2241,0.0887,0.3127,98.07316494,0,40,1.1853,9.23,-309.707614
320,OC12CC1OC2=O,-0.2686,-0.0049,0.2637,100.016043988,1,38,-0.9534,46.53,-380.365332
321,CC1CC1CCO,-0.2608,0.0816,0.3424,100.088815004,1,42,1.0248,20.23,-310.894138
322,NC(=O)C1CCO1,-0.2354,0.0295,0.2649,101.047678464,2,40,-0.7394000000000001,52.32000000000001,-361.719759
323,OC1COCC1O,-0.2502,0.0524,0.3026,104.047344116,2,42,-1.2616,49.69,-382.774446
324,CC12NC3C1OC23,-0.2351,0.0602,0.2954,97.052763844,1,38,-0.5021000000000002,21.259999999999998,-324.454152
325,CC1=NC2CC2O1,-0.2379,0.0233,0.2611,97.052763844,0,38,0.5759000000000001,21.59,-324.575119
326,O=C1CNCCO1,-0.2295,0.0112,0.2407,101.047678464,1,40,-0.8672,38.33,-361.730988
327,OC1CNCC1=O,-0.234,-0.0338,0.2002,101.047678464,2,40,-1.4804000000000002,49.33,-361.71446
328,CC1NC1C(N)=O,-0.2408,0.0232,0.264,100.063662876,3,40,-1.1679999999999997,65.03,-341.835044
329,OC1C2CC1C2O,-0.2502,0.0761,0.3263,100.052429496,2,40,-0.6421000000000001,40.46,-345.584305
330,CC1=CCCOC1,-0.2346,0.0278,0.2624,98.07316494,0,40,1.353,9.23,-309.72362
331,CC12CN1CC2O,-0.23,0.0648,0.2949,99.068413908,1,40,-0.5648,23.240000000000002,-325.72213
332,C1C2COCC1O2,-0.2339,0.0936,0.3276,100.052429496,0,40,0.17409999999999992,18.46,-345.62356
333,CC(C)C1CC1O,-0.2526,0.0793,0.3319,100.088815004,1,42,1.0231999999999999,20.23,-310.898498
334,CCCC1COC1,-0.2413,0.0788,0.3201,100.088815004,0,42,1.4329,9.23,-310.893796
335,CC1NC1CC#N,-0.2641,0.0376,0.3017,96.06874825599999,1,38,0.26038,45.730000000000004,-304.683119
336,OC1CC1OC=O,-0.2591,0.0002,0.2593,102.031694052,1,40,-0.7074,46.53,-381.572521
337,CC1CC(C)C1C,-0.2775,0.08,0.3575,98.109550448,0,42,2.2984,0.0,-274.977968
338,C#CC(C#C)C#N,-0.2919,0.0039,0.2959,89.026549096,0,32,0.39258,23.79,-284.956049
339,CC1NC(=O)C1C,-0.2416,0.039,0.2807,99.068413908,1,40,0.1408000000000001,29.1,-325.80102
340,CC1=CCCC1=O,-0.2347,-0.0368,0.198,96.057514876,0,38,1.2956,17.07,-308.56127
341,CC1NC1C(C)=O,-0.2386,-0.0158,0.2228,99.068413908,1,40,-0.06430000000000025,39.010000000000005,-325.764255
342,CC1OC1CC=O,-0.251,-0.0259,0.2251,100.052429496,0,40,0.3627,29.6,-345.635474
343,CC1=CCCCC1,-0.225,0.0364,0.2614,96.093900384,0,40,2.5067000000000004,0.0,-273.807887
344,CC1CCOC=N1,-0.2451,0.0263,0.2714,99.068413908,0,40,0.8235,21.59,-325.789972
345,C1C2CC1OCC2,-0.2343,0.0847,0.319,98.07316494,0,40,1.1853,9.23,-309.698219
346,CC12CC3C1N3C2,-0.2318,0.0822,0.314,95.073499288,0,38,0.4628,3.01,-288.569733
347,CN1CC1CC#N,-0.2423,0.0294,0.2717,96.06874825599999,0,38,0.21407999999999994,26.799999999999997,-304.670054
348,COCC1CCC1,-0.25,0.0911,0.3411,100.088815004,0,42,1.4329,9.23,-310.888817
349,CC1CN1CC#N,-0.2502,0.0265,0.2767,96.06874825599999,0,38,0.21408000000000005,26.799999999999997,-304.669226
350,CN1C2CC1C2=O,-0.2481,0.0028,0.2509,97.052763844,0,38,-0.3582000000000001,20.310000000000002,-324.507343
351,O=COC1COC1,-0.2659,-0.0022,0.2637,102.031694052,0,40,-0.44179999999999997,35.53,-381.573294
352,C1CC2(COC2)O1,-0.2489,0.0618,0.3107,100.052429496,0,40,0.17569999999999997,18.46,-345.601868
353,CC#CC1CC1C,-0.2247,0.0573,0.282,94.07825032,0,38,1.6657,0.0,-272.545397
354,CC1OC2CC2O1,-0.2445,0.0956,0.3401,100.052429496,0,40,0.5201,18.46,-345.628372
355,CC1CC1OC=O,-0.2743,0.0028,0.2771,100.052429496,0,40,0.5678,26.3,-345.653246
356,O=C1OCOC1=O,-0.2903,-0.0799,0.2104,101.995308544,0,38,-0.9561000000000002,52.6,-416.377793
357,CC12CC3C(C1)N23,-0.2385,0.0875,0.3261,95.073499288,0,38,0.6053,3.01,-288.583999
358,CC1C2CC1C2C,-0.2861,0.106,0.3921,96.093900384,0,40,1.9082999999999999,0.0,-273.727816
359,N=C1OCCCO1,-0.2435,0.0454,0.2889,101.047678464,1,40,0.35806999999999994,42.31,-361.719793
360,CC12CC1OC=N2,-0.2433,0.0173,0.2607,97.052763844,0,38,0.5759,21.59,-324.569233
361,OC1CC=CC1O,-0.2527,0.0085,0.2612,100.052429496,2,40,-0.33190000000000003,40.46,-345.650704
362,C#CCC1CCC1,-0.2565,0.0559,0.3124,94.07825032,0,38,1.8098,0.0,-272.533256
363,OCCC1CC1O,-0.2536,0.0806,0.3342,102.06807956,2,42,-0.2504000000000001,40.46,-346.816826
364,CC1C=CCC1O,-0.245,0.0188,0.2638,98.07316494,1,40,0.9433,20.23,-309.723037
365,CC(O)C1OC1C,-0.2563,0.0709,0.3272,102.06807956,1,42,0.15450000000000003,32.76,-346.826871
366,OC1CC1CC#N,-0.276,0.0414,0.3174,97.052763844,1,38,0.28088,44.019999999999996,-324.563536
367,OC1CC(O)C1=O,-0.2582,-0.0386,0.2196,102.031694052,2,40,-1.3190000000000002,57.53,-381.573427
368,O=C1COCC=C1,-0.2363,-0.0578,0.1785,98.036779432,0,38,0.14190000000000003,26.3,-344.465228
369,CC1CC2OC12C,-0.2434,0.0891,0.3325,98.07316494,0,40,1.1837,12.53,-309.685365
370,CC12CC3CC1N23,-0.2367,0.0929,0.3297,95.073499288,0,38,0.6053,3.01,-288.583185
371,CC1CC1NC=O,-0.246,0.0276,0.2736,99.068413908,1,40,0.14079999999999987,29.1,-325.781885
372,O=C1CCN=CO1,-0.2799,-0.0294,0.2506,99.0320284,0,38,-0.03839999999999999,38.66,-360.552466
373,CC1CCCC1C,-0.2965,0.0785,0.375,98.109550448,0,42,2.442500000000001,0.0,-275.001603
374,C1C2CN1CCO2,-0.2102,0.0806,0.2907,99.068413908,0,40,-0.2991999999999999,12.47,-325.723408
375,CC1=CCOC1=O,-0.2672,-0.0359,0.2313,98.036779432,0,38,0.4895,26.3,-344.504713
376,CC1CCCC1=O,-0.234,-0.0123,0.2218,98.07316494,0,40,1.3755,17.07,-309.755829
377,O=C1CNCC1=O,-0.2199,-0.0939,0.126,99.0320284,1,38,-1.2722,46.17,-360.519123
378,CC1NC1CCO,-0.2433,0.0771,0.3205,101.084063972,2,42,-0.27089999999999986,42.17,-326.938129
379,O=C1CCOCC1,-0.2422,-0.0179,0.2243,100.052429496,0,40,0.3659,26.3,-345.67292
380,OC1CC11COC1,-0.2401,0.0712,0.3113,100.052429496,1,40,-0.23239999999999994,29.46,-345.594896
381,O=C1CC2CC2N1,-0.2373,0.0286,0.266,97.052763844,1,38,-0.1051999999999999,29.1,-324.602059
382,CC1CC=CC1=O,-0.2352,-0.043,0.1922,96.057514876,0,38,1.1515,17.07,-308.554143
383,[O-]C(=O)C1CC[NH2+]1,-0.2485,0.0153,0.2639,101.04767846399999,2,40,-2.927999999999999,56.739999999999995,-361.720371
384,OC1CC(=O)C1O,-0.2346,-0.0261,0.2084,102.031694052,2,40,-1.3190000000000004,57.53,-381.574953
385,CC12CC1N=CO2,-0.2423,0.018,0.2603,97.052763844,0,38,0.5759000000000001,21.59,-324.570713
386,O=C1OCCCO1,-0.2791,0.0416,0.3207,102.031694052,0,40,0.5433,35.53,-381.628726
387,CC1OC(=O)C1N,-0.246,0.0039,0.2499,101.047678464,2,40,-0.7410000000000001,52.32,-361.727754
388,CN1C=NCC1=O,-0.2455,-0.0159,0.2296,98.048012812,0,38,-0.5133000000000001,32.67,-340.677013
389,CC1C2OC1C2=O,-0.2583,-0.0126,0.2457,98.036779432,0,38,-0.02740000000000009,26.3,-344.385666
390,O=CCC1CCC1,-0.2467,-0.0193,0.2274,98.07316494,0,40,1.3755,17.07,-309.710774
391,O=C1CC=CCO1,-0.2625,0.0034,0.2659,98.036779432,0,38,0.4895,26.3,-344.487561
392,OC1C2NC1C2=O,-0.249,-0.0145,0.2345,99.0320284,2,38,-1.7295999999999998,49.33,-360.439971
393,CC(C)N1CC1C,-0.2199,0.0852,0.3051,99.10479941599999,0,42,1.0989,3.01,-291.011798
394,NC(=O)C1COC1,-0.2458,0.0172,0.263,101.047678464,2,40,-0.8819000000000001,52.32000000000001,-361.712309
395,OC1C=CCC1=O,-0.2526,-0.0299,0.2227,98.036779432,1,38,-0.12370000000000003,37.3,-344.467903
396,CCCN1CC1C,-0.2195,0.0912,0.3107,99.10479941599999,0,42,1.1005,3.01,-291.008476
397,OC12CCC1OC2,-0.2405,0.0584,0.2989,100.052429496,1,40,-0.08990000000000009,29.46,-345.605287
398,CC(=O)N1CCC1,-0.2323,0.0351,0.2674,99.068413908,0,40,0.23860000000000003,20.310000000000002,-325.78867
399,CC1OC(=N)C1O,-0.27,0.0136,0.2836,101.047678464,2,40,-0.25673,53.31,-361.702324
400,CCCC1CC1O,-0.2516,0.0821,0.3337,100.088815004,1,42,1.1673,20.23,-310.896688
401,CC(C)C1CN1C,-0.2198,0.0839,0.3037,99.10479941599999,0,42,0.9564,3.01,-291.006347
402,O=C1CCOCO1,-0.2687,0.0033,0.2721,102.031694052,0,40,-0.09260000000000002,35.53,-381.61749
403,N#CCC1CCC1,-0.3057,0.0351,0.3408,95.073499288,0,38,1.70018,23.79,-288.642638
404,CC1CC(O)C1O,-0.2467,0.0564,0.3031,102.06807956,2,42,-0.252,40.46,-346.833182
405,CC12CN3C1CC23,-0.2267,0.0926,0.3193,95.073499288,0,38,0.4628000000000001,3.24,-288.538915
406,CC(C)C1CCO1,-0.2407,0.0792,0.3199,100.088815004,0,42,1.4313,9.23,-310.899421
407,OCCC1COC1,-0.2435,0.0742,0.3178,102.06807956,1,42,0.01519999999999988,29.46,-346.813678
408,OC12CN3CC1C23,-0.2192,0.0704,0.2896,97.052763844,1,38,-0.9549000000000001,23.47,-324.479197
409,CC1CCN=CO1,-0.2445,0.0291,0.2735,99.068413908,0,40,0.8235,21.59,-325.792622
410,CN1CCNC1=O,-0.2323,0.0627,0.295,100.063662876,1,40,-0.3586,32.34,-341.879252
411,N=C1OC2CC2O1,-0.2498,0.0512,0.301,99.0320284,1,38,0.10886999999999997,42.31,-360.500203
412,OC12CC3OC1C23,-0.22,0.0698,0.2898,98.036779432,1,38,-0.48160000000000003,29.46,-344.364786
413,O=C1NC=CCO1,-0.2291,-0.0021,0.2271,99.0320284,1,38,0.23990000000000006,38.33,-360.554003
414,CCCC1CCO1,-0.2406,0.0889,0.3295,100.088815004,0,42,1.5754000000000001,9.23,-310.89963
415,C1OCC11COC1,-0.2539,0.0525,0.3064,100.052429496,0,40,0.03320000000000001,18.46,-345.593472
416,CC1CC11CCC1,-0.2524,0.0941,0.3465,96.093900384,0,40,2.1965000000000003,0.0,-273.755849
417,CC1=CCNC1=O,-0.2407,-0.0171,0.2235,97.052763844,1,38,0.06250000000000006,29.1,-324.627351
418,CCOC1COC1,-0.2459,0.072,0.318,102.06807956,0,42,0.42169999999999996,18.46,-346.813686
419,CC1C2CC1C2=O,-0.2386,0.0126,0.2511,96.057514876,0,38,0.8412999999999999,17.07,-308.47688
420,CC1CCCCO1,-0.2416,0.0898,0.3314,100.088815004,0,42,1.5754000000000001,9.23,-310.933438
421,CC12CCC1C2O,-0.2392,0.0778,0.317,98.07316494,1,40,0.7771999999999999,20.23,-309.681713
422,OC1CC2CC1C2,-0.2571,0.083,0.3401,98.07316494,1,40,0.7772,20.23,-309.699523
423,O=C1CC2OC2C1,-0.249,-0.0218,0.2272,98.036779432,0,38,0.11669999999999991,29.6,-344.45994
424,CC12OC1CC=C2,-0.2417,0.0064,0.2481,96.057514876,0,38,1.1038,12.53,-308.506413
425,CC1CC11CCO1,-0.2205,0.0816,0.3021,98.07316494,0,40,1.1853,9.23,-309.677969
426,O=C1CC2CN2C1,-0.2303,-0.0255,0.2049,97.052763844,0,38,-0.35660000000000003,20.08,-324.568124
427,CC12CC3C(C1)C23,-0.2419,0.093,0.3349,94.07825032,0,38,1.6622999999999999,0.0,-272.531365
428,C1C2CC1CCC2,-0.2736,0.0815,0.3551,96.093900384,0,40,2.1965000000000003,0.0,-273.781043
429,CN1CCCC1=O,-0.2337,0.0377,0.2714,99.068413908,0,40,0.23859999999999992,20.310000000000002,-325.822871
430,O=C1COCOC1,-0.2417,-0.0343,0.2074,102.031694052,0,40,-0.4401999999999999,35.53,-381.587712
431,CC1CCOCO1,-0.2584,0.0927,0.351,102.06807956,0,42,0.7693,18.46,-346.856726
432,CC12CC1CCC2,-0.2527,0.0893,0.342,96.093900384,0,40,2.1965000000000003,0.0,-273.789101
433,CC1OC(=O)C1O,-0.2659,-0.003,0.2629,102.031694052,1,40,-0.7074,46.53,-381.6049
434,N=C1OCOC1=O,-0.2906,-0.0619,0.2287,101.011292956,1,38,-0.50543,59.38,-396.480144
435,CC1COCC1C,-0.2442,0.0755,0.3197,100.088815004,0,42,1.2888000000000002,9.23,-310.921102
436,CC12OC3C1CC23,-0.2274,0.0884,0.3158,96.057514876,0,38,0.7936,9.23,-308.42387
437,OC12CC1CC=C2,-0.2276,0.0209,0.2485,96.057514876,1,38,0.6973,20.23,-308.501783
438,OC1C2CC1C2=O,-0.2409,0.0032,0.2441,98.036779432,1,38,-0.4339000000000002,37.3,-344.402749
439,OC1CC(O)C1O,-0.2465,0.0533,0.2998,104.047344116,3,42,-1.5272000000000003,60.69,-382.760873
440,C1CC2(C1)CCC2,-0.2684,0.0879,0.3563,96.093900384,0,40,2.3406000000000002,0.0,-273.756954
441,O=C1CC2CC1C2,-0.2321,-0.0038,0.2283,96.057514876,0,38,0.9854,17.07,-308.521872
442,O=C1NCCCO1,-0.2506,0.0572,0.3078,101.047678464,1,40,0.11630000000000007,38.33,-361.757738
443,CC12CC3C1CC23,-0.28,0.106,0.386,94.07825032,0,38,1.6622999999999999,0.0,-272.507229
444,CC1CC2CC2O1,-0.2331,0.0885,0.3216,98.07316494,0,40,1.1837,9.23,-309.704496
445,CC1OC2CC12O,-0.2286,0.0726,0.3012,100.052429496,1,40,-0.09150000000000008,29.46,-345.597849
446,CC#CC1CCC1,-0.237,0.0569,0.2939,94.07825032,0,38,1.8098,0.0,-272.5444
447,CC1OC1C(C)=O,-0.2495,-0.0278,0.2217,100.052429496,0,40,0.3627,29.6,-345.646819
448,OCCC1CCC1,-0.2615,0.0808,0.3423,100.088815004,1,42,1.1689,20.23,-310.895734
449,CC12CC1CC2O,-0.2446,0.0773,0.3219,98.07316494,1,40,0.7771999999999999,20.23,-309.683567
450,COCC1NC1C,-0.2448,0.0801,0.325,101.084063972,1,42,-0.006899999999999851,31.17,-326.929299
451,CC12CCCC1O2,-0.2513,0.093,0.3443,98.07316494,0,40,1.3277999999999999,12.53,-309.720784
452,OC12CC1COC2,-0.2514,0.0725,0.3239,100.052429496,1,40,-0.23239999999999994,29.46,-345.630064
453,OC1C2NC1C2O,-0.2506,0.0629,0.3135,101.047678464,3,40,-1.9378000000000002,52.489999999999995,-361.624062
454,CC12CC3C1OC23,-0.2297,0.0821,0.3118,96.057514876,0,38,0.7936,9.23,-308.42064
455,CC(O)C1CN1C,-0.2248,0.0729,0.2977,101.084063972,1,42,-0.3188,23.240000000000002,-326.932001
456,CC1COCC=C1,-0.2429,0.022,0.2649,98.07316494,0,40,1.2089,9.23,-309.718592
457,CC(O)C1CC1O,-0.2538,0.0726,0.3263,102.06807956,2,42,-0.252,40.46,-346.820409
458,CC12CC3CN1C23,-0.2317,0.0969,0.3286,95.073499288,0,38,0.4628000000000001,3.01,-288.571354
459,N=C1COCCO1,-0.2564,0.0168,0.2732,101.047678464,1,40,0.01046999999999998,42.31,-361.707639
460,CC1CCNC1=O,-0.2366,0.037,0.2736,99.068413908,1,40,0.14239999999999992,29.1,-325.826148
461,CC12CC1OCC2,-0.2238,0.0895,0.3134,98.07316494,0,40,1.1853,9.23,-309.704016
462,CC1C2CC1C2O,-0.2511,0.0733,0.3244,98.07316494,1,40,0.6331,20.23,-309.655844
463,CC1COCOC1,-0.2568,0.0839,0.3408,102.06807956,0,42,0.6268,18.46,-346.85236
464,CC1OC(C)C1O,-0.2487,0.0547,0.3035,102.06807956,1,42,0.15449999999999992,29.46,-346.832986
465,CC1CCOC1=N,-0.254,0.0303,0.2843,99.068413908,1,40,1.02007,33.08,-325.79811
466,CC12CC1CC=C2,-0.223,0.0254,0.2484,94.07825032,0,38,1.9725,0.0,-272.579856
467,CN1CC2OC2C1,-0.2046,0.0996,0.3042,99.068413908,0,40,-0.3008000000000002,15.77,-325.741438
468,CC(=O)C1CCC1,-0.2389,-0.0093,0.2295,98.07316494,0,40,1.3755,17.07,-309.723961
469,CC1CC1CC=O,-0.2438,-0.0181,0.2258,98.07316494,0,40,1.2314,17.07,-309.70886
470,CCOC1CCC1,-0.2429,0.0879,0.3308,100.088815004,0,42,1.5754000000000001,9.23,-310.89771
471,CC#CC1CC1O,-0.2381,0.0438,0.2819,96.057514876,1,38,0.3905,20.23,-308.46805
472,O=C1CC2NC2C1,-0.2395,-0.0132,0.2263,97.052763844,1,38,-0.31030000000000024,39.010000000000005,-324.576397
473,C1CC2(C1)COC2,-0.2419,0.0687,0.3106,98.07316494,0,40,1.1869,9.23,-309.675617
474,OC1CC2CC12O,-0.2515,0.0761,0.3276,100.052429496,2,40,-0.49799999999999994,40.46,-345.60695
475,CC1CCOCC1,-0.2438,0.089,0.3328,100.088815004,0,42,1.4329,9.23,-310.929555
476,OC12CC3C(C1)C23,-0.2369,0.0753,0.3122,96.057514876,1,38,0.3871,20.23,-308.456209
477,CC1C=CCC1=O,-0.239,-0.0164,0.2226,96.057514876,0,38,1.1515,17.07,-308.546516
478,O=CCN1CCC1,-0.2278,-0.0238,0.204,99.068413908,0,40,-0.10899999999999976,20.310000000000002,-325.745896
479,O=C1CCNC1=O,-0.2353,-0.0628,0.1725,99.0320284,1,38,-0.9246000000000001,46.17,-360.559077
480,CN1C=NCC1=N,-0.2214,-0.0032,0.2182,97.06399722399999,1,38,-0.06262999999999991,39.45,-320.774793
481,CC(=O)C1COC1,-0.2512,-0.0209,0.2302,100.052429496,0,40,0.2218,26.3,-345.640085
482,O=CCC1COC1,-0.2536,-0.0297,0.2239,100.052429496,0,40,0.2218,26.3,-345.626788
483,CC1=CC2OC2C1,-0.2347,0.0075,0.2422,96.057514876,0,38,1.1038000000000001,12.53,-308.505642
484,N=C1OCCC1=O,-0.2588,-0.0695,0.1893,99.0320284,1,38,-0.04693000000000014,50.15,-360.532962
485,CC1COCC1=O,-0.2424,-0.0247,0.2177,100.052429496,0,40,0.2218,26.3,-345.670461
486,CC1CC(=O)C1C,-0.2358,-0.0148,0.221,98.07316494,0,40,1.2314,17.07,-309.72793
487,CC1CC=CC1O,-0.2501,0.012,0.2621,98.07316494,1,40,0.9433,20.23,-309.72315
488,CC1CN1C(N)=O,-0.2434,0.0445,0.2879,100.063662876,2,40,-0.23079999999999978,46.1,-341.843223
489,NC12CC1OC2=O,-0.2483,0.0,0.2484,99.0320284,2,38,-0.9870000000000003,52.32,-360.492157
490,OC1CC11CCO1,-0.2244,0.0673,0.2918,100.052429496,1,40,-0.08990000000000009,29.46,-345.59916
491,CC#CC1NC1C,-0.2317,0.0455,0.2773,95.073499288,1,38,0.37000000000000005,21.94,-288.585317
492,COC(C=O)C#C,-0.25,-0.0446,0.2053,98.036779432,0,38,-0.16649999999999987,26.3,-344.393744
493,OCC1=CCCC1,-0.2228,0.0378,0.2606,98.07316494,1,40,1.089,20.23,-309.720871
494,N#CC1CN=CN1,-0.2496,-0.0038,0.2458,95.04834715999999,1,36,-0.4899200000000001,48.18,-319.568198
495,CCCOCCC,-0.2478,0.0917,0.3396,102.104465068,0,44,1.823,9.23,-312.114059
496,CCOC=NCC,-0.2422,0.0325,0.2747,101.084063972,0,42,1.0711,21.59,-326.967011
497,OCC(C#C)C#N,-0.2834,0.0066,0.29,95.03711378,1,36,-0.2483200000000001,44.019999999999996,-323.335317
498,CC1CCN1C=O,-0.2389,0.0262,0.2652,99.068413908,0,40,0.2370000000000001,20.310000000000002,-325.784836
499,CNC1COC1=N,-0.232,0.0234,0.2554,100.063662876,2,40,-0.41813000000000006,45.11,-341.806231
500,O=C1CCC1C#C,-0.2413,-0.0269,0.2144,94.041864812,0,36,0.5987,17.07,-307.28242
501,O=CN1CCN=C1,-0.2452,-0.023,0.2221,98.048012812,0,38,-0.5133000000000001,32.67,-340.664051
502,CCCC#CC#C,-0.2398,-0.0084,0.2314,92.062600256,0,36,1.4231,0.0,-271.330123
503,OCC1CCC1=O,-0.2493,-0.0302,0.2191,100.052429496,1,40,-0.042200000000000015,37.3,-345.650918
504,O=CCNCC#C,-0.2484,-0.0279,0.2205,97.052763844,1,38,-0.5918999999999999,29.1,-324.52176
505,COCC#CC#C,-0.2447,-0.0235,0.2212,94.041864812,0,36,0.2694,9.23,-307.235668
506,OCC1=CCOC1,-0.2252,0.0257,0.2509,100.052429496,1,40,-0.06469999999999998,29.46,-345.637221
507,O=C1OCC1C#C,-0.2692,-0.0024,0.2668,96.021129368,0,36,-0.20739999999999992,26.3,-343.230865
508,O=CC1CCOC1,-0.2518,-0.0237,0.2282,100.052429496,0,40,0.2218,26.3,-345.658138
509,CCC1CC1C#N,-0.2857,0.0316,0.3173,95.073499288,0,38,1.55608,23.79,-288.64392
510,C#CC1OCC=C1,-0.2464,0.0069,0.2533,94.041864812,0,36,0.5746,9.23,-307.268449
511,O=CC1(CN1)C#C,-0.2607,-0.0465,0.2142,95.03711378,1,36,-0.8395000000000001,39.010000000000005,-323.312816
512,CCCOCC=O,-0.256,-0.0267,0.2293,102.06807956,0,42,0.6119,26.3,-346.845797
513,C#CC1CCCO1,-0.2521,0.0367,0.2888,96.057514876,0,38,0.7986,9.23,-308.478923
514,C#CC1CC1C#N,-0.2658,0.0098,0.2756,91.04219916,0,34,0.77928,23.79,-286.198483
515,CCC(OC)C#C,-0.2624,0.039,0.3014,98.07316494,0,40,1.0446,9.23,-309.667263
516,O=CC1CC1C#N,-0.2681,-0.0418,0.2263,95.03711378,0,36,0.34497999999999995,40.86,-323.378248
517,O=CCOCC=O,-0.2633,-0.0414,0.2219,102.031694052,0,40,-0.5992000000000002,43.370000000000005,-381.575764
518,O=CC1COC=N1,-0.2518,-0.036,0.2157,99.0320284,0,38,-0.38759999999999994,38.66,-360.522664
519,N#CC1(CC1)C#N,-0.3096,-0.0172,0.2924,92.037448128,0,34,0.81376,47.58,-302.299595
520,CCC1CCC=C1,-0.2336,0.0293,0.263,96.093900384,0,40,2.3626000000000005,0.0,-273.795915
521,OCC1(CO1)C#C,-0.2646,0.0189,0.2835,98.036779432,1,38,-0.6191,32.76,-344.376397
522,OCC1CN=CO1,-0.2532,0.0157,0.269,101.047678464,1,40,-0.5942000000000001,41.82000000000001,-361.713377
523,OCC1NC1C#C,-0.2482,0.0294,0.2776,97.052763844,2,38,-1.0477,42.17,-324.495912
524,CCCCCC#C,-0.2576,0.059,0.3166,96.093900384,0,40,2.1999000000000004,0.0,-273.75316
525,O=CC1CN=CO1,-0.2553,-0.0366,0.2187,99.0320284,0,38,-0.38759999999999994,38.66,-360.519114
526,OCC1(CO)CC1,-0.2469,0.0584,0.3053,102.06807956,2,42,-0.24880000000000013,40.46,-346.822687
527,OCC1NCC1=O,-0.2491,-0.0327,0.2163,101.047678464,2,40,-1.4804000000000002,49.33,-361.687102
528,N=C1OCC1C=O,-0.2685,-0.0415,0.227,99.0320284,1,38,-0.19103000000000003,50.15,-360.506347
529,O=CCC#CC#N,-0.2805,-0.0635,0.217,93.021463716,0,34,0.10237999999999992,40.86,-322.161023
530,O=CCCNC=O,-0.2518,-0.0289,0.2229,101.047678464,1,40,-0.6786000000000001,46.17,-361.736658
531,CCC1CCC1O,-0.2523,0.0752,0.3275,100.088815004,1,42,1.1673,20.23,-310.901712
532,CCC1(CN1)C#N,-0.2728,0.0227,0.2955,96.06874825599999,1,38,0.26198000000000005,45.730000000000004,-304.680534
533,C#CC1CC=CC1,-0.2431,0.0221,0.2652,92.062600256,0,36,1.5857999999999999,0.0,-271.354023
534,OCC1(CN1)C#C,-0.2538,0.033,0.2868,97.052763844,2,38,-1.0461,42.17,-324.495025
535,O=CN1CC1C#C,-0.2592,-0.0082,0.251,95.03711378,0,36,-0.5398000000000001,20.08,-323.320525
536,O=CC(C=O)C#C,-0.2617,-0.0704,0.1912,96.021129368,0,36,-0.36640000000000006,34.14,-343.216258
537,C#CC1OC1C#N,-0.2863,-0.0212,0.2651,93.021463716,0,34,-0.08942000000000005,36.32,-322.110668
538,CCC1CC1OC,-0.2416,0.0924,0.334,100.088815004,0,42,1.4313,9.23,-310.887898
539,OCC1(CO)CN1,-0.2529,0.0659,0.3188,103.063328528,3,42,-1.6869999999999996,62.400000000000006,-362.867605
540,CCCOCC#C,-0.2544,0.0347,0.289,98.07316494,0,40,1.0462,9.23,-309.664763
541,CCCC#CCC,-0.2386,0.0602,0.2988,96.093900384,0,40,2.1999000000000004,0.0,-273.763137
542,CCCCOCC,-0.2477,0.0913,0.3391,102.104465068,0,44,1.823,9.23,-312.114056
543,CC1COC1C#C,-0.2527,0.0216,0.2743,96.057514876,0,38,0.6545,9.23,-308.453985
544,N=C1OCC1C#N,-0.2913,-0.0066,0.2848,96.032362748,1,36,0.13364999999999994,56.87,-339.430825
545,CCC1NC1CO,-0.2465,0.0719,0.3185,101.084063972,2,42,-0.27090000000000025,42.17,-326.940144
546,COC(C#C)C#N,-0.2904,-0.015,0.2754,95.03711378,0,36,0.15817999999999993,33.019999999999996,-323.317702
547,C#CC1CCOC1,-0.2516,0.0498,0.3015,96.057514876,0,38,0.6561,9.23,-308.479375
548,O=CCC#CC=O,-0.2734,-0.0722,0.2012,96.021129368,0,36,-0.22230000000000016,34.14,-343.226754
549,CN=C1OCC1O,-0.2558,0.0172,0.273,101.047678464,1,40,-0.5941999999999998,41.82,-361.687818
550,C#CC1CCCC1,-0.2539,0.0599,0.3138,94.07825032,0,38,1.8098,0.0,-272.561023
551,NC1CNC1C#N,-0.2486,0.0121,0.2607,97.06399722399999,3,38,-1.1909199999999998,61.839999999999996,-320.727454
552,COC(C#C)C#C,-0.2688,0.007,0.2758,94.041864812,0,36,0.2677999999999999,9.23,-307.212436
553,CCC(CO)C#N,-0.283,0.0266,0.3096,99.068413908,1,40,0.5284800000000001,44.019999999999996,-325.785618
554,CN1CCC1C#N,-0.2393,0.0143,0.2536,96.06874825599999,0,38,0.21408000000000005,27.03,-304.678299
555,CC#CC#CC#N,-0.2665,-0.0718,0.1947,89.026549096,0,32,0.53668,23.79,-285.008161
556,OCC1COC1=O,-0.2799,-0.0017,0.2782,102.031694052,1,40,-0.8483000000000003,46.53,-381.60023
557,COC1(CC1)C=O,-0.2422,-0.0212,0.221,100.052429496,0,40,0.36430000000000007,26.3,-345.629195
558,COCCOC=N,-0.254,0.0329,0.2869,103.063328528,1,42,0.25647000000000014,42.31,-362.88503
559,CCN=COC=O,-0.2646,-0.0243,0.2403,101.047678464,0,40,0.2076,38.66,-361.725573
560,CNC(C#N)C#N,-0.2788,-0.0227,0.2562,95.04834715999999,1,36,-0.3784400000000001,59.61,-319.547834
561,CCOCC#CC,-0.2413,0.043,0.2843,98.07316494,0,40,1.0462,9.23,-309.676384
562,CCC1CCC1C,-0.2795,0.084,0.3635,98.109550448,0,42,2.442500000000001,0.0,-274.975682
563,COC1CC1CO,-0.2437,0.0813,0.325,102.06807956,1,42,0.013600000000000001,29.46,-346.807527
564,CCC(CC)CO,-0.2612,0.0795,0.3407,102.104465068,1,44,1.4149,20.23,-312.114274
565,O=CC1CCCC1,-0.243,-0.0171,0.2259,98.07316494,0,40,1.3755,17.07,-309.736288
566,O=CC1CCC=C1,-0.2421,-0.0253,0.2167,96.057514876,0,38,1.1515,17.07,-308.532536
567,OCCC#CC=O,-0.2653,-0.06,0.2053,98.036779432,1,38,-0.42890000000000006,37.3,-344.41592
568,O=CC1NC1C#C,-0.2516,-0.0337,0.2179,95.03711378,1,36,-0.8411000000000002,39.010000000000005,-323.308106
569,CCC1CN=CO1,-0.2456,0.026,0.2716,99.068413908,0,40,0.8235,21.59,-325.79144
570,CCC(OC)C=O,-0.2436,-0.0301,0.2135,102.06807956,0,42,0.6103000000000001,26.3,-346.845914
571,CCC(C#C)C#C,-0.2608,0.0347,0.2955,92.062600256,0,36,1.279,0.0,-271.305846
572,CCC(CC)C#C,-0.2591,0.0544,0.3135,96.093900384,0,40,2.0558,0.0,-273.754183
573,COC1CCC1=O,-0.2268,-0.026,0.2009,100.052429496,0,40,0.36430000000000007,26.3,-345.638604
574,CCC(CC)C=O,-0.2452,-0.0189,0.2263,100.088815004,0,42,1.6215,17.07,-310.931179
575,CNC(C=O)C#N,-0.2636,-0.0593,0.2042,98.048012812,1,38,-0.7031200000000002,52.89,-340.623254
576,O=CN1CC=CC1,-0.2363,0.0058,0.2421,97.052763844,0,38,0.014599999999999946,20.310000000000002,-324.601691
577,CCC1NC1C#N,-0.2761,0.0162,0.2923,96.06874825599999,1,38,0.2603799999999999,45.730000000000004,-304.681514
578,O=CC1(CO1)C#C,-0.2663,-0.0466,0.2198,96.021129368,0,36,-0.4125,29.6,-343.187316
579,CN=C1CCCO1,-0.2397,0.0355,0.2752,99.068413908,0,40,0.8251000000000001,21.59,-325.790773
580,O=CN(C=O)C=O,-0.2788,-0.0626,0.2162,101.011292956,0,38,-1.2424000000000002,54.45,-396.493117
581,CCC1CN1C=O,-0.2495,0.0036,0.2531,99.068413908,0,40,0.2370000000000001,20.08,-325.766269
582,CC1OCC1C#N,-0.2688,0.0162,0.285,97.052763844,0,38,0.54488,33.019999999999996,-324.565937
583,NCC1(CO1)C#N,-0.257,0.0066,0.2636,98.048012812,2,38,-0.7623200000000001,62.339999999999996,-340.601946
584,C#CC1(CN1)C#C,-0.2447,0.0101,0.2549,91.04219916,1,34,-0.4052,21.94,-286.12613
585,N=C1OCC1C#C,-0.2693,0.0152,0.2844,95.03711378,1,36,0.24326999999999993,33.08,-323.325867
586,COC1COC1=O,-0.2558,-0.0038,0.252,102.031694052,0,40,-0.4418000000000002,35.53,-381.587479
587,OCC1(CC1)C=O,-0.2577,-0.029,0.2286,100.052429496,1,40,-0.042200000000000015,37.3,-345.642983
588,CCC1COC1=O,-0.2707,0.0098,0.2805,100.052429496,0,40,0.5694,26.3,-345.678556
589,CCC1CC1CC,-0.2627,0.0941,0.3568,98.109550448,0,42,2.442500000000001,0.0,-274.973501
590,CCCCCCC,-0.2992,0.091,0.3902,100.12520051199999,0,44,2.976700000000002,0.0,-276.195616
591,OC1CCC1C#C,-0.2532,0.039,0.2922,96.057514876,1,38,0.3905,20.23,-308.464334
592,OCC1(CC1)C#C,-0.2512,0.0419,0.2931,96.057514876,1,38,0.3921,20.23,-308.457574
593,COC(CO)CO,-0.2501,0.0627,0.3127,106.06299418,2,44,-1.0140000000000002,49.69,-383.956475
594,CCC1(CN1)C=O,-0.2473,-0.0239,0.2234,99.068413908,1,40,-0.06269999999999992,39.010000000000005,-325.756886
595,O=CC1OCCO1,-0.2478,-0.0359,0.2119,102.031694052,0,40,-0.44179999999999997,35.53,-381.579777
596,OCCC#CCO,-0.2452,0.0351,0.2802,100.052429496,2,40,-0.6355000000000002,40.46,-345.598593
597,O=CC1COC1=O,-0.2765,-0.0518,0.2247,100.016043988,0,38,-0.6416999999999999,43.370000000000005,-380.410548
598,NCC1(CN1)C#N,-0.2576,0.0258,0.2834,97.06399722399999,3,38,-1.18932,71.75,-320.719988
599,CCC1(CO1)C=O,-0.2578,-0.0374,0.2204,100.052429496,0,40,0.36430000000000007,29.6,-345.638277
600,CCN(C=N)C=O,-0.2412,-0.0181,0.2232,100.063662876,1,40,0.07176999999999994,44.160000000000004,-341.845087
601,COC(C#N)C#N,-0.3184,-0.0403,0.2781,96.032362748,0,36,0.04855999999999994,56.809999999999995,-339.418532
602,OCC1(CO1)C=O,-0.2628,-0.0523,0.2106,102.031694052,1,40,-1.0534000000000001,49.83,-381.559359
603,OCC1OC1CO,-0.2682,0.0719,0.34,104.047344116,2,42,-1.2616,52.989999999999995,-382.742983
604,CCC(CC)CC,-0.2984,0.0907,0.3891,100.12520051199999,0,44,2.832600000000001,0.0,-276.191629
605,CCN(C=O)C=O,-0.2521,-0.0367,0.2154,101.047678464,0,40,-0.3789,37.38,-361.745263
606,COCCCC#C,-0.2551,0.0568,0.3119,98.07316494,0,40,1.0462,9.23,-309.665453
607,COC1CN=CO1,-0.2581,0.0216,0.2798,101.047678464,0,40,0.01739999999999997,30.82,-361.713469
608,CCC1OCC1C,-0.2394,0.0856,0.3249,100.088815004,0,42,1.4313,9.23,-310.900493
609,CCC1CC1CO,-0.2571,0.0792,0.3363,100.088815004,1,42,1.0248,20.23,-310.893045
610,CCC1CC=CC1,-0.2334,0.0315,0.2649,96.093900384,0,40,2.3626000000000005,0.0,-273.796006
611,OCC#CCC=O,-0.2539,-0.0331,0.2209,98.036779432,1,38,-0.42890000000000006,37.3,-344.414094
612,CCC#CCC#C,-0.2476,0.0425,0.2901,92.062600256,0,36,1.4231,0.0,-271.314762
613,OCC1CNC1=O,-0.2583,0.0221,0.2804,101.047678464,2,40,-1.2752999999999999,49.33,-361.720845
614,O=CC1CN1C=O,-0.2582,-0.0552,0.203,99.0320284,0,38,-0.9741,37.15,-360.499901
615,COC1CCC1O,-0.2471,0.078,0.3251,102.06807956,1,42,0.15609999999999996,29.46,-346.821249
616,CCC(CO)C#C,-0.2611,0.0549,0.316,98.07316494,1,40,0.6381000000000001,20.23,-309.675044
617,N#CC1CCCN1,-0.248,0.0289,0.2769,96.06874825599999,1,38,0.26197999999999994,35.82,-304.708428
618,COC=NCCO,-0.2469,0.0106,0.2575,103.063328528,1,42,-0.34659999999999996,41.82,-362.889698
619,CC1CCC1C#C,-0.253,0.0494,0.3024,94.07825032,0,38,1.6657,0.0,-272.535908
620,CCCCCC=O,-0.2476,-0.0186,0.229,100.088815004,0,42,1.7656,17.07,-310.930747
621,CCC(C#N)C#N,-0.3386,-0.0102,0.3284,94.053098192,0,36,1.0597599999999998,47.58,-303.517045
622,O=CC#CCC#C,-0.2698,-0.0651,0.2048,92.026214748,0,34,0.2119999999999999,17.07,-306.045617
623,CC1OCC1CO,-0.2405,0.0702,0.3107,102.06807956,1,42,0.013600000000000001,29.46,-346.820382
624,CNC(CN)C#N,-0.2349,0.0324,0.2673,99.07964728799999,3,40,-0.9433199999999999,61.839999999999996,-321.940581
625,OCC1=NCCO1,-0.2556,0.0202,0.2758,101.047678464,1,40,-0.5926,41.82000000000001,-361.718141
626,CC#CC#CC#C,-0.2323,-0.0452,0.1871,88.031300128,0,32,0.6463000000000001,0.0,-268.909226
627,N#CC1CCOC1,-0.2754,0.0298,0.3052,97.052763844,0,38,0.5464800000000001,33.019999999999996,-324.587455
628,OCCCOC=O,-0.2783,0.0081,0.2864,104.047344116,1,42,-0.45820000000000016,46.53,-382.794067
629,NC1COC1C#N,-0.2611,-0.0031,0.258,98.048012812,2,38,-0.7639200000000002,59.04,-340.606791
630,CCC(C#C)C#N,-0.2853,0.0136,0.2989,93.057849224,0,36,1.1693799999999999,23.79,-287.413294
631,CCN1CC1CO,-0.2162,0.0657,0.2819,101.084063972,1,42,-0.3172000000000001,23.240000000000002,-326.92817
632,O=CC1CC1C#C,-0.2477,-0.0244,0.2234,94.041864812,0,36,0.45459999999999995,17.07,-307.272387
633,OC1CNC1C=O,-0.2421,-0.0326,0.2096,101.047678464,2,40,-1.482,49.33,-361.675622
634,CCC1(CC1)C#C,-0.24,0.0559,0.2959,94.07825032,0,38,1.8098,0.0,-272.535238
635,CCC1(CC)CO1,-0.2581,0.0903,0.3484,100.088815004,0,42,1.5754000000000001,12.53,-310.900672
636,N#CCOCC#N,-0.3151,-0.0299,0.2853,96.032362748,0,36,0.05015999999999993,56.809999999999995,-339.423358
637,O=CCCCC#C,-0.2532,-0.0259,0.2274,96.057514876,0,38,0.9888,17.07,-308.487184
638,OCC1NC1CO,-0.2542,0.0648,0.319,103.063328528,3,42,-1.6885999999999994,62.400000000000006,-362.861706
639,N#CCNCC#N,-0.2796,-0.0138,0.2658,95.04834715999999,1,36,-0.37684000000000006,59.61,-319.55252
640,C#CC1=NCCO1,-0.247,-0.0297,0.2173,95.03711378,0,36,0.04830000000000001,21.59,-323.34571
641,C#CCC#CC#C,-0.248,-0.0186,0.2294,88.031300128,0,32,0.6463,0.0,-268.879903
642,O=CC1OC1C=O,-0.2667,-0.0725,0.1942,100.016043988,0,38,-0.8484,46.67,-380.363364
643,O=CC1COCO1,-0.254,-0.0337,0.2202,102.031694052,0,40,-0.44179999999999997,35.53,-381.577799
644,N#CC1OC1C#N,-0.3308,-0.0454,0.2853,94.016712684,0,34,-0.19904000000000005,60.11,-338.210125
645,N#CC1CNC=N1,-0.2474,0.0016,0.249,95.04834715999999,1,36,-0.48992000000000013,48.18,-319.567982
646,C#CC1CCC=C1,-0.2439,0.0193,0.2632,92.062600256,0,36,1.5857999999999999,0.0,-271.353079
647,CCC(C=O)C#N,-0.2805,-0.0514,0.2291,97.052763844,0,38,0.73508,40.86,-324.594579
648,OCCCCCO,-0.2624,0.0775,0.34,104.083729624,2,44,0.14130000000000004,40.46,-348.035953
649,O=CC1=NCCO1,-0.263,-0.0762,0.1868,99.0320284,0,38,-0.3860000000000001,38.66,-360.519368
650,OCC#CCC#N,-0.2686,0.0091,0.2777,95.03711378,1,36,-0.10422000000000009,44.019999999999996,-323.336553
651,COC=NCC#N,-0.2696,0.0013,0.2708,98.048012812,0,38,0.18467999999999996,45.379999999999995,-340.627463
652,N=CN(C=N)C=O,-0.2514,-0.0359,0.2155,99.04326178,2,38,-0.3410600000000001,68.01,-356.698143
653,CCC(CC)OC,-0.2427,0.0838,0.3265,102.104465068,0,44,1.8214000000000001,9.23,-312.110244
654,CCC1(CN1)C#C,-0.2437,0.0434,0.2871,95.073499288,1,38,0.3716000000000001,21.94,-288.573074
655,CCC(NC)C#N,-0.2442,0.0296,0.2738,98.08439831999999,1,40,0.5079799999999999,35.82,-305.895224
656,OCC1NC1C#N,-0.2722,0.008,0.2802,98.048012812,2,38,-1.1573200000000001,65.96000000000001,-340.602053
657,O=CCNCC#N,-0.2661,-0.0428,0.2233,98.048012812,1,38,-0.7015199999999999,52.89,-340.626311
658,OCC(C=O)C#N,-0.2812,-0.0587,0.2226,99.0320284,1,38,-0.68262,61.089999999999996,-360.514657
659,O=CN1CC1C#N,-0.2798,-0.0285,0.2512,96.032362748,0,36,-0.6494200000000001,43.87,-339.423668
660,C#CC1CC1C#C,-0.2417,0.0296,0.2713,90.046950192,0,34,0.8889,0.0,-270.091363
661,CN=COCC#C,-0.2535,0.0143,0.2679,97.052763844,0,38,0.2943000000000001,21.59,-324.516325
662,OC1COC1C#N,-0.2842,-0.0072,0.2769,99.0320284,1,38,-0.7303200000000001,53.25,-360.482809
663,O=CCC#CC#C,-0.25,-0.0424,0.2075,92.026214748,0,34,0.2119999999999999,17.07,-306.061829
664,O=CN1CCC1=O,-0.2588,-0.0391,0.2196,99.0320284,0,38,-0.6249,37.38,-360.545606
665,O=CCOCC#N,-0.2744,-0.0445,0.2299,99.0320284,0,38,-0.27452,50.09,-360.500205
666,CCC1=NCCO1,-0.2393,0.0304,0.2697,99.068413908,0,40,0.8251000000000001,21.59,-325.796548
667,CN=COCC=O,-0.2611,-0.0407,0.2204,101.047678464,0,40,-0.1399999999999999,38.66,-361.697231
668,CCC1(CO)CN1,-0.246,0.0656,0.3116,101.084063972,2,42,-0.26930000000000004,42.17,-326.941383
669,CN=C1OCC=C1,-0.2322,-0.0251,0.2071,97.052763844,0,38,0.6011000000000001,21.59,-324.587397
670,CCC1COC1=N,-0.2618,0.0278,0.2896,99.068413908,1,40,1.02007,33.08,-325.773689
671,N=COCCC#N,-0.2805,0.0045,0.285,98.048012812,1,38,0.5237499999999999,56.87,-340.634609
672,CCCC#CC=O,-0.2625,-0.0571,0.2054,96.057514876,0,38,0.9887999999999999,17.07,-308.496017
673,OCCC#CC#N,-0.2863,-0.0404,0.2459,95.03711378,1,36,-0.10422000000000009,44.019999999999996,-323.351234
674,COC1CCC1C,-0.2429,0.0837,0.3265,100.088815004,0,42,1.4313,9.23,-310.893708
675,CC1COC1C=O,-0.2429,-0.0293,0.2136,100.052429496,0,40,0.22019999999999995,26.3,-345.630162
676,O=C1OCC1C#N,-0.3039,-0.025,0.2789,97.016378336,0,36,-0.31701999999999997,50.09,-359.334449
677,COCCCCO,-0.2509,0.0796,0.3305,104.083729624,1,44,0.40530000000000005,29.46,-348.029034
678,CC1CCC1CO,-0.2605,0.0782,0.3387,100.088815004,1,42,1.0248,20.23,-310.896395
679,C#CC1OC1C#C,-0.2591,0.0014,0.2605,92.026214748,0,34,0.02019999999999994,12.53,-306.007417
680,OCC1OC1C#C,-0.2646,0.013,0.2776,98.036779432,1,38,-0.6207,32.76,-344.377035
681,OCC1OC1C=O,-0.2671,-0.0473,0.2198,102.031694052,1,40,-1.0550000000000002,49.83,-381.555077
682,OCCOCC#C,-0.2646,0.0249,0.2895,100.052429496,1,40,-0.37149999999999994,29.46,-345.588028
683,C#CC#CCC#N,-0.2648,-0.0359,0.2289,89.026549096,0,32,0.53668,23.79,-284.985725
684,CCC#CCCO,-0.2419,0.0575,0.2994,98.07316494,1,40,0.7822,20.23,-309.683692
685,COC1CC1C#N,-0.2631,0.0281,0.2912,97.052763844,0,38,0.54488,33.019999999999996,-324.555614
686,CCC#CCC=O,-0.2457,-0.0266,0.219,96.057514876,0,38,0.9887999999999999,17.07,-308.496878
687,CCC1CC1C#C,-0.2398,0.0512,0.291,94.07825032,0,38,1.6657,0.0,-272.534906
688,O=CC1CC1C=O,-0.2574,-0.0419,0.2155,98.036779432,0,38,0.020299999999999985,34.14,-344.450374
689,OCC(CO)CO,-0.2502,0.0631,0.3133,106.06299418,3,44,-1.4205000000000003,60.69,-383.963889
690,CCC1CC1C=O,-0.2443,-0.0157,0.2286,98.07316494,0,40,1.2314,17.07,-309.714145
691,CN=C1OCC1C,-0.2464,0.0327,0.2791,99.068413908,0,40,0.681,21.59,-325.767344
692,CCC(C=O)C=O,-0.2583,-0.0554,0.2029,100.052429496,0,40,0.4104,34.14,-345.665783
693,N#CC1CN=CO1,-0.2802,-0.0108,0.2693,96.032362748,0,36,-0.06291999999999998,45.379999999999995,-339.445662
694,CC#CCCC#C,-0.2467,0.0457,0.2925,92.062600256,0,36,1.4231,0.0,-271.320589
695,COC(CO)C#N,-0.2851,0.0123,0.2974,101.047678464,1,40,-0.48272,53.25,-361.695633
696,CCC1OC1CO,-0.2617,0.0794,0.3411,102.06807956,1,42,0.15609999999999996,32.76,-346.822622
697,N#CC1CCC=C1,-0.2647,0.0006,0.2654,93.057849224,0,36,1.47618,23.79,-287.46229
698,C#CC1CN=CO1,-0.2575,0.0113,0.2688,95.03711378,0,36,0.046699999999999964,21.59,-323.341408
699,CC1CCC1C#N,-0.3022,0.0285,0.3306,95.073499288,0,38,1.55608,23.79,-288.645198
700,OCCCCC#N,-0.2758,0.0347,0.3105,99.068413908,1,40,0.67258,44.019999999999996,-325.782478
701,O=CC1(CN1)C=O,-0.2605,-0.052,0.2084,99.0320284,1,38,-1.2738000000000003,56.080000000000005,-360.494603
702,OCC1NC1C=O,-0.256,-0.0335,0.2226,101.047678464,2,40,-1.482,59.24,-361.675536
703,O=CC1=CCCC1,-0.2473,-0.0529,0.1944,96.057514876,0,38,1.2955999999999999,17.07,-308.543633
704,CCC(CC)C#N,-0.3136,0.0354,0.349,97.08914935199999,0,40,1.94618,23.79,-289.863925
705,CCC1OC1C=O,-0.2597,-0.0404,0.2193,100.052429496,0,40,0.3627,29.6,-345.635331
706,CCN1CC1C#N,-0.2566,0.0126,0.2692,96.06874825599999,0,38,0.21408000000000005,26.799999999999997,-304.674769
707,CCCCCOC,-0.2495,0.09,0.3395,102.104465068,0,44,1.823,9.23,-312.108783
708,O=COCCC#N,-0.2985,-0.0124,0.2861,99.0320284,0,38,0.07308000000000003,50.09,-360.537495
709,O=CC(C#C)C#C,-0.259,-0.0434,0.2157,92.026214748,0,34,0.0678999999999999,17.07,-306.036428
710,O=CNCCC#N,-0.2713,0.0073,0.2785,98.048012812,1,38,-0.35392,52.89,-340.668181
711,CCC1CN1CC,-0.2193,0.0918,0.3111,99.10479941599999,0,42,1.1005,3.01,-291.008288
712,CN=C1COCO1,-0.2537,0.0239,0.2776,101.047678464,0,40,0.019000000000000017,30.82,-361.709504
713,O=CCNCC=O,-0.2571,-0.0428,0.2142,101.047678464,1,40,-1.0262,46.17,-361.699006
714,O=CC1CNC1=O,-0.2575,-0.0363,0.2212,99.0320284,1,38,-1.0687,46.17,-360.531889
715,CCC1(CO1)C#N,-0.2986,0.0035,0.3021,97.052763844,0,38,0.68898,36.32,-324.561797
716,C#CC1OCCO1,-0.2621,0.0338,0.2959,98.036779432,0,38,-0.007500000000000062,18.46,-344.4
717,O=CC1CC=CC1,-0.2471,-0.0192,0.2278,96.057514876,0,38,1.1515,17.07,-308.532562
718,CNC(=NC)C#N,-0.2405,-0.0368,0.2037,97.06399722399999,1,38,-0.2423200000000001,48.18,-320.759209
719,OCCC#CC#C,-0.2428,-0.0122,0.2306,94.041864812,1,36,0.005399999999999849,20.23,-307.250187
720,COC1CC=CC1,-0.2371,0.0311,0.2682,98.07316494,0,40,1.3514,9.23,-309.711579
721,CCC1CCC1=O,-0.2364,-0.0172,0.2193,98.07316494,0,40,1.3755,17.07,-309.727392
722,CCCNCC#N,-0.2469,0.0233,0.2702,98.08439831999999,1,40,0.5095799999999999,35.82,-305.895294
723,COC1(CC1)C#N,-0.275,0.0173,0.2923,97.052763844,0,38,0.68898,33.019999999999996,-324.553943
724,CN1CCC1C=O,-0.2271,-0.0282,0.199,99.068413908,0,40,-0.11060000000000003,20.310000000000002,-325.74977
725,C#CC1COC=N1,-0.2599,0.0112,0.2711,95.03711378,0,36,0.046699999999999964,21.59,-323.339929
726,COC(CO)C#C,-0.262,0.0272,0.2891,100.052429496,1,40,-0.37309999999999993,29.46,-345.591059
727,O=C1CNC1C#C,-0.2471,-0.0336,0.2135,95.03711378,1,36,-0.8394999999999999,29.1,-323.316206
728,OCCOCC=O,-0.2633,-0.0346,0.2287,104.047344116,1,42,-0.8058000000000003,46.53,-382.768212
729,N#CC1OCC=C1,-0.2685,-0.0142,0.2543,95.03711378,0,36,0.46498000000000006,33.019999999999996,-323.375417
730,N=COCCC#C,-0.2664,0.0171,0.2835,97.052763844,1,38,0.63337,33.08,-324.527601
731,CCC1(CO)CC1,-0.261,0.0729,0.3339,100.088815004,1,42,1.1689,20.23,-310.896162
732,CCCCCCO,-0.2613,0.0815,0.3428,102.104465068,1,44,1.559,20.23,-312.115851
733,CCC(C=O)C#C,-0.2523,-0.0319,0.2203,96.057514876,0,38,0.8447,17.07,-308.487001
734,OCC1COC1=N,-0.2663,0.0156,0.282,101.047678464,2,40,-0.3976300000000001,53.31,-361.697498
735,C#CCC#CC#N,-0.2855,-0.0468,0.2386,89.026549096,0,32,0.53668,23.79,-284.979905
736,O=CCCOC=O,-0.2693,-0.0434,0.2258,102.031694052,0,40,-0.25160000000000005,43.370000000000005,-381.606559
737,CCC(CO)C=O,-0.2432,-0.0154,0.2278,102.06807956,1,42,0.20380000000000004,37.3,-346.851743
738,O=C1NCC1C#N,-0.2768,0.0011,0.2778,96.032362748,1,36,-0.7440200000000001,52.89,-339.457584
739,O=CC1=CNCC1,-0.2072,-0.0281,0.1791,97.052763844,1,38,0.062499999999999944,29.1,-324.595526
740,O=CC1=CCOC1,-0.2491,-0.0663,0.1827,98.036779432,0,38,0.14189999999999992,26.3,-344.457641
741,CNC(CO)C#N,-0.2423,0.0243,0.2666,100.063662876,2,40,-0.9097200000000003,56.05,-341.818152
742,CCOCCOC,-0.2497,0.0864,0.3361,104.083729624,0,44,0.6693,18.46,-348.025549
743,CCCCNC=O,-0.249,0.0345,0.2835,101.084063972,1,42,0.5325,29.1,-327.003405
744,OCCOCC#N,-0.2773,0.0018,0.2792,101.047678464,1,40,-0.48112,53.25,-361.693536
745,C#CCNCC#N,-0.2603,0.0095,0.2699,94.053098192,1,36,-0.26722,35.82,-303.450046
746,CCN1CCC1=O,-0.2399,0.0391,0.2791,99.068413908,0,40,0.23859999999999992,20.310000000000002,-325.797174
747,N#CCC#CC#N,-0.3107,-0.0654,0.2453,90.021798064,0,32,0.42706,47.58,-301.083276
748,CCN=CNC=O,-0.2511,-0.0171,0.234,100.063662876,1,40,-0.21939999999999998,41.46,-341.858457
749,CC1COC1C#N,-0.2788,-0.0005,0.2783,97.052763844,0,38,0.54488,33.019999999999996,-324.560278
750,N=CN(C=O)C=O,-0.2644,-0.0498,0.2146,100.027277368,1,38,-0.79173,61.230000000000004,-376.596799
751,N#CC1COCO1,-0.2911,0.0021,0.2932,99.0320284,0,38,-0.11712,42.25,-360.506086
752,COCCCC#N,-0.2675,0.0355,0.303,99.068413908,0,40,0.9365800000000001,33.019999999999996,-325.774309
753,COC(CN)C#N,-0.2521,0.0163,0.2684,100.063662876,2,40,-0.5163200000000001,59.04,-341.816994
754,O=CC1CCCO1,-0.2399,-0.0212,0.2188,100.052429496,0,40,0.36429999999999996,26.3,-345.657782
755,N#CC1CC=CC1,-0.2595,0.0069,0.2663,93.057849224,0,36,1.47618,23.79,-287.463265
756,COC=NCC=O,-0.2425,-0.0217,0.2208,101.047678464,0,40,-0.14000000000000012,38.66,-361.698743
757,CC1OCC1C#C,-0.2505,0.0383,0.2888,96.057514876,0,38,0.6545,9.23,-308.458546
758,CCC1OC1C#N,-0.2968,-0.0028,0.2941,97.052763844,0,38,0.68738,36.32,-324.561814
759,O=CC(C#C)C#N,-0.2835,-0.0656,0.2179,93.021463716,0,34,-0.04172000000000009,40.86,-322.140114
760,CCC1OC1C#C,-0.2597,0.021,0.2808,96.057514876,0,38,0.7969999999999999,12.53,-308.456851
761,N#CC1CC1C#N,-0.3124,-0.0116,0.3008,92.037448128,0,34,0.66966,47.58,-302.302234
762,CNC(C=O)=NC,-0.2272,-0.0657,0.1615,100.063662876,1,40,-0.5670000000000002,41.46,-341.826098
763,CCC1NC1C=O,-0.2479,-0.026,0.2219,99.068413908,1,40,-0.06430000000000019,39.010000000000005,-325.754573
764,CCC1CNC1=O,-0.2443,0.0362,0.2804,99.068413908,1,40,0.14239999999999992,29.1,-325.797507
765,CCN1CC1C=O,-0.2399,-0.0295,0.2103,99.068413908,0,40,-0.11060000000000003,20.08,-325.745414
766,COC1CC1OC,-0.2344,0.0853,0.3197,102.06807956,0,42,0.4200999999999999,18.46,-346.795849
767,CC1OCC1C=O,-0.2491,-0.0339,0.2153,100.052429496,0,40,0.22019999999999995,26.3,-345.634051
768,N=C1CCN1C=O,-0.2572,-0.0271,0.2301,98.048012812,1,38,-0.1742300000000001,44.160000000000004,-340.647956
769,CCC#CCC#N,-0.2682,0.0213,0.2895,93.057849224,0,36,1.31348,23.79,-287.422639
770,CC#CCCC#N,-0.2613,0.0264,0.2878,93.057849224,0,36,1.31348,23.79,-287.429052
771,CCC(CO)OC,-0.2497,0.0738,0.3234,104.083729624,1,44,0.4037,29.46,-348.035846
772,OCC1OCC1O,-0.2467,0.0505,0.2972,104.047344116,2,42,-1.2616,49.69,-382.746605
773,OC1CCC1C=O,-0.2414,-0.0156,0.2257,100.052429496,1,40,-0.04380000000000006,37.3,-345.637034
774,COCC#CCO,-0.2508,0.0307,0.2814,100.052429496,1,40,-0.3715,29.46,-345.585219
775,OCC1(CN1)C=O,-0.2569,-0.038,0.219,101.047678464,2,40,-1.4804000000000002,59.24,-361.680276
776,CC#CC#CCO,-0.229,-0.0129,0.2161,94.041864812,1,36,0.005400000000000016,20.23,-307.255817
777,OCC1CC1CO,-0.2571,0.0737,0.3308,102.06807956,2,42,-0.39289999999999997,40.46,-346.812432
778,CCC1(CC1)C=O,-0.248,-0.0151,0.2329,98.07316494,0,40,1.3755,17.07,-309.718487
779,CCC1OCC1O,-0.2436,0.0624,0.306,102.06807956,1,42,0.15609999999999996,29.46,-346.824527
780,OCCCNC=O,-0.251,0.0328,0.2838,103.063328528,2,42,-0.8852000000000002,49.33,-362.922926
781,OCC1CCC1O,-0.2573,0.0669,0.3241,102.06807956,2,42,-0.2504000000000001,40.46,-346.822596
782,CN=COCC#N,-0.27,-0.0036,0.2665,98.048012812,0,38,0.18468000000000007,45.379999999999995,-340.622425
783,CC1CCC1C=O,-0.2434,-0.0203,0.223,98.07316494,0,40,1.2314,17.07,-309.711929
784,OCC1CC1C#N,-0.2777,0.021,0.2987,97.052763844,1,38,0.13837999999999995,44.019999999999996,-324.565829
785,OCCCCC=O,-0.2496,-0.0205,0.229,102.06807956,1,42,0.3479,37.3,-346.850643
786,CCC(CO)CO,-0.2536,0.0725,0.3261,104.083729624,2,44,-0.0028000000000000247,40.46,-348.037528
787,O=CC(C#N)C#N,-0.312,-0.0892,0.2228,94.016712684,0,34,-0.15134000000000009,64.65,-338.240045
788,CCC1(CC1)C#N,-0.2842,0.0365,0.3207,95.073499288,0,38,1.70018,23.79,-288.644315
789,O=CN1CCCC1,-0.236,0.0297,0.2656,99.068413908,0,40,0.23859999999999992,20.310000000000002,-325.810498
790,CCC1=CCCC1,-0.2239,0.0351,0.259,96.093900384,0,40,2.5067000000000004,0.0,-273.801046
791,OCC(C=O)C=O,-0.2609,-0.0564,0.2045,102.031694052,1,40,-1.0073,54.37,-381.585612
792,N#CC1(CN1)C#N,-0.3062,-0.0372,0.269,93.03269709599999,1,34,-0.6244400000000001,69.52000000000001,-318.332373
793,CC1CNC1C#N,-0.2503,0.0152,0.2655,96.06874825599999,1,38,0.11788000000000004,35.82,-304.681601
794,CCN(CC)C=O,-0.2384,0.0333,0.2717,101.084063972,0,42,0.4845999999999999,20.310000000000002,-327.000866
795,CCC1(CC1)OC,-0.2455,0.0848,0.3303,100.088815004,0,42,1.5754000000000001,9.23,-310.890614
796,COC1COC1C,-0.2449,0.0757,0.3206,102.06807956,0,42,0.42010000000000003,18.46,-346.815882
797,CCC#CCOC,-0.2421,0.0417,0.2839,98.07316494,0,40,1.0462,9.23,-309.67062
798,N#CCCCC#N,-0.331,0.0031,0.3341,94.053098192,0,36,1.20386,47.58,-303.52508
799,OCC1OCC1=O,-0.2602,-0.0407,0.2195,102.031694052,1,40,-1.0534000000000001,46.53,-381.566317
800,O=CC1(CO1)C=O,-0.2613,-0.0659,0.1954,100.016043988,0,38,-0.8468,46.67,-380.36591
801,CNC1(CC1)C#N,-0.2375,0.0296,0.2671,96.06874825599999,1,38,0.26197999999999994,35.82,-304.675576
802,COC(CO)C=O,-0.247,-0.0337,0.2134,104.047344116,1,42,-0.8074000000000001,46.53,-382.767389
803,N#CC1OCCO1,-0.2937,0.0129,0.3066,99.0320284,0,38,-0.11712,42.25,-360.505532
804,OC1COC1C=O,-0.2547,-0.0524,0.2023,102.031694052,1,40,-1.0550000000000002,46.53,-381.557761
805,O=C1NCC1C#C,-0.247,0.0227,0.2697,95.03711378,1,36,-0.6344000000000001,29.1,-323.351703
806,C#CCOCC#C,-0.2612,0.0115,0.2727,94.041864812,0,36,0.2694,9.23,-307.214638
807,CCCCOC=O,-0.2765,0.01,0.2865,102.06807956,0,42,0.9595,26.3,-346.875352
808,COCCCOC,-0.2498,0.087,0.3367,104.083729624,0,44,0.6693,18.46,-348.02097
809,O=C1COC1C#C,-0.2579,-0.043,0.2149,96.021129368,0,36,-0.41249999999999987,26.3,-343.195103
810,CC1COC1CO,-0.2454,0.0659,0.3113,102.06807956,1,42,0.013600000000000001,29.46,-346.82266
811,OCC1(CO)CO1,-0.2554,0.0582,0.3136,104.047344116,2,42,-1.2600000000000002,52.99,-382.747166
812,O=CC1(CC1)C=O,-0.2514,-0.0358,0.2156,98.036779432,0,38,0.1644,34.14,-344.456451
813,O=CC#CCC#N,-0.2835,-0.0801,0.2034,93.021463716,0,34,0.10237999999999992,40.86,-322.150518
814,CNC(C=O)C=O,-0.2483,-0.046,0.2024,101.047678464,1,40,-1.0278000000000003,46.17,-361.696419
815,OCC#CCC#C,-0.2507,0.027,0.2778,94.041864812,1,36,0.005399999999999849,20.23,-307.229215
816,N=CN1CCC1=O,-0.251,-0.0212,0.2298,98.048012812,1,38,-0.1742300000000001,44.160000000000004,-340.646984
817,C#CC1=CCCC1,-0.2236,-0.0137,0.2099,92.062600256,0,36,1.7299,0.0,-271.364465
818,C#CCCCC#N,-0.2743,0.0209,0.2953,93.057849224,0,36,1.31348,23.79,-287.418211
819,N#CC1=NCCO1,-0.2767,-0.0575,0.2192,96.032362748,0,36,-0.06131999999999993,45.379999999999995,-339.445874
820,CNC(C=O)C#C,-0.2294,-0.035,0.1943,97.052763844,1,38,-0.5935000000000001,29.1,-324.520703
821,CCOCCCO,-0.2495,0.0784,0.3279,104.083729624,1,44,0.40530000000000005,29.46,-348.033379
822,CCOCCC#N,-0.2722,0.0335,0.3056,99.068413908,0,40,0.9365800000000001,33.019999999999996,-325.780056
823,C#CC1(CN1)C#N,-0.2705,-0.0122,0.2584,92.037448128,1,34,-0.51482,45.730000000000004,-302.231299
824,C#CC1(CO1)C#N,-0.2923,-0.0305,0.2617,93.021463716,0,34,-0.08782000000000006,36.32,-322.10814
825,N#CC1CCCC1,-0.3087,0.0392,0.3479,95.073499288,0,38,1.70018,23.79,-288.670499
826,N#CC1=NCCN1,-0.2471,-0.0482,0.1989,95.04834715999999,1,36,-0.4883199999999998,48.18,-319.56903
827,O=C1COC1C#N,-0.2904,-0.0656,0.2248,97.016378336,0,36,-0.5221199999999999,50.09,-359.297855
828,CCCN=COC,-0.2421,0.0279,0.27,101.084063972,0,42,1.0711,21.59,-326.961383
829,COCCNC=O,-0.2485,0.0346,0.283,103.063328528,1,42,-0.6212000000000002,38.33,-362.918913
830,OCC1(CN1)C#N,-0.2799,0.0127,0.2926,98.048012812,2,38,-1.15572,65.96000000000001,-340.601198
831,OCC(CO)C#N,-0.2804,0.0155,0.2959,101.047678464,2,40,-0.8892200000000001,64.25,-361.705844
832,O=CC1(CC1)C#N,-0.2811,-0.0517,0.2295,95.03711378,0,36,0.48908,40.86,-323.381548
833,OC1CCC1C#N,-0.2787,0.0209,0.2996,97.052763844,1,38,0.28088,44.019999999999996,-324.572218
834,CC#CCOC=O,-0.2675,0.0018,0.2694,98.036779432,0,38,0.18270000000000008,26.3,-344.437542
835,CCC(OC)C#N,-0.2858,0.0187,0.3045,99.068413908,0,40,0.93498,33.019999999999996,-325.774796
836,O=CC1OCC=C1,-0.2331,-0.0293,0.2039,98.036779432,0,38,0.14029999999999998,26.3,-344.447672
837,C#CC1(CO1)C#C,-0.2651,-0.0069,0.2583,92.026214748,0,34,0.02179999999999993,12.53,-306.00503
838,OCCOCCO,-0.267,0.0698,0.3369,106.06299418,2,44,-1.0124,49.69,-383.960446
839,C#CC1=CCOC1,-0.231,-0.0258,0.2052,94.041864812,0,36,0.5762,9.23,-307.279941
840,O=CCCCC=O,-0.2532,-0.037,0.2161,100.052429496,0,40,0.5545,34.14,-345.664213
841,OCC(CO)C=O,-0.2506,-0.0217,0.2288,104.047344116,2,42,-1.2139000000000002,57.53,-382.772347
842,CCCOCCO,-0.2596,0.0845,0.3441,104.083729624,1,44,0.40530000000000005,29.46,-348.037644
843,CC#CCOC=N,-0.2602,0.02,0.2803,97.052763844,1,38,0.63337,33.08,-324.534059
844,CCCC#CC#N,-0.2828,-0.0362,0.2467,93.057849224,0,36,1.31348,23.79,-287.431627
845,COCCC#CC,-0.2435,0.0616,0.305,98.07316494,0,40,1.0462,9.23,-309.67687
846,CCCOCC#N,-0.2818,0.0112,0.293,99.068413908,0,40,0.93658,33.019999999999996,-325.771247
847,N#CC1CCCO1,-0.2766,0.0216,0.2982,97.052763844,0,38,0.6889799999999999,33.019999999999996,-324.586707
848,COC1CNC1=O,-0.2332,0.0234,0.2566,101.047678464,1,40,-0.8688,38.33,-361.707876
849,CN=C1OCC1N,-0.2412,0.0239,0.2651,100.063662876,2,40,-0.6277999999999999,47.61,-341.810173
850,CC#CC#CC=O,-0.2579,-0.0807,0.1772,92.026214748,0,34,0.21200000000000002,17.07,-306.072606
851,O=COCCC#C,-0.2789,0.0011,0.28,98.036779432,0,38,0.18270000000000008,26.3,-344.431387
852,CC#CCCCO,-0.2409,0.0626,0.3035,98.07316494,1,40,0.7822,20.23,-309.683182
853,CC#CCNC=O,-0.2463,0.0259,0.2722,97.052763844,1,38,-0.2442999999999999,29.1,-324.567847
854,CCC1=CCOC1,-0.2246,0.0237,0.2483,98.07316494,0,40,1.353,9.23,-309.717959
855,OCCCOC=N,-0.2605,0.0222,0.2827,103.063328528,2,42,-0.007529999999999981,53.31,-362.889997
856,CCCCCC#N,-0.3144,0.038,0.3523,97.08914935199999,0,40,2.09028,23.79,-289.86261
857,O=CNCCC#C,-0.2544,0.0225,0.2769,97.052763844,1,38,-0.24429999999999996,29.1,-324.560115
858,O=CC1=NCCN1,-0.2324,-0.0685,0.1639,98.048012812,1,38,-0.8130000000000002,41.46,-340.648424
859,COC1CC1C=O,-0.2424,-0.0177,0.2247,100.052429496,0,40,0.22019999999999995,26.3,-345.628148
860,N=CN(C=N)C=N,-0.245,-0.0173,0.2278,98.05924619199999,3,38,0.1096100000000001,74.79,-336.815073
861,O=CN1CCC=C1,-0.211,-0.0019,0.2091,97.052763844,0,38,0.36219999999999997,20.310000000000002,-324.604782
862,COC1(CO)CC1,-0.252,0.08,0.3321,102.06807956,1,42,0.1577,29.46,-346.813011
863,OC1COC1C#C,-0.2541,0.0219,0.2759,98.036779432,1,38,-0.6207,29.46,-344.374529
864,CCC1(CO)CO1,-0.2577,0.0737,0.3314,102.06807956,1,42,0.1577,32.76,-346.823493
865,C#CC1(CC1)C#N,-0.2669,0.0064,0.2733,91.04219916,0,34,0.9233799999999999,23.79,-286.196098
866,COC1=NCCN1,-0.214,0.0625,0.2764,100.063662876,1,40,-0.4080000000000001,33.62,-341.841373
867,OCC1CC=CC1,-0.2329,0.0324,0.2653,98.07316494,1,40,0.9449,20.23,-309.71771
868,OCC(C#C)C#C,-0.2613,0.0259,0.2872,94.041864812,1,36,-0.13870000000000005,20.23,-307.229131
869,C#CCOCC#N,-0.2789,-0.0091,0.2698,95.03711378,0,36,0.15977999999999998,33.019999999999996,-323.319998
870,OCC1CC1C=O,-0.2483,-0.0195,0.2288,100.052429496,1,40,-0.18630000000000013,37.3,-345.633344
871,OCC(CO)C#C,-0.2508,0.0459,0.2967,100.052429496,2,40,-0.7796000000000001,40.46,-345.599795
872,CCN1CC1C#C,-0.2287,0.0347,0.2634,95.073499288,0,38,0.3237000000000001,3.01,-288.567741
873,OCC1(CO1)C#N,-0.2923,-0.0035,0.2888,99.0320284,1,38,-0.72872,56.55,-360.480845
874,C#CC1(CC1)C#C,-0.2386,0.0281,0.2667,90.046950192,0,34,1.033,0.0,-270.08914
875,CN=C1CN=CN1,-0.226,-0.0054,0.2206,97.06399722399999,1,38,-0.35380000000000006,36.75,-320.767895
876,N#CC1NCC=C1,-0.2395,-0.0034,0.236,94.053098192,1,36,0.03797999999999996,35.82,-303.496615
877,COC(C=O)C#N,-0.2837,-0.0601,0.2236,99.0320284,0,38,-0.2761199999999999,50.09,-360.499319
878,CCC#CC#CC,-0.2254,0.0015,0.2269,92.062600256,0,36,1.4231,0.0,-271.342072
879,CN=COCCO,-0.2554,0.0191,0.2745,103.063328528,1,42,-0.34659999999999996,41.82,-362.890528
880,N=COCCC=O,-0.2634,-0.0367,0.2267,101.047678464,1,40,0.19906999999999986,50.15,-361.703002
881,COC1(CC1)C#C,-0.242,0.0377,0.2797,96.057514876,0,38,0.7986,9.23,-308.446934
882,CNC(C#C)C#N,-0.2564,0.0002,0.2566,94.053098192,1,36,-0.26882000000000006,35.82,-303.444512
883,O=CC1(CO1)C#N,-0.2918,-0.0778,0.2141,97.016378336,0,36,-0.52212,53.39,-359.287702
884,OCCCCC#C,-0.2594,0.0554,0.3149,98.07316494,1,40,0.7822,20.23,-309.673244
885,OCC1OC1C#N,-0.2867,-0.0108,0.2759,99.0320284,1,38,-0.7303200000000001,56.55,-360.480973
886,CNC1COC1=O,-0.2386,0.0057,0.2443,101.047678464,1,40,-0.8688000000000002,38.33,-361.710514
887,COC1CC1C#C,-0.231,0.0483,0.2793,96.057514876,0,38,0.6545,9.23,-308.446917
888,CCCOC=NC,-0.2451,0.0279,0.273,101.084063972,0,42,1.0711,21.59,-326.967669
889,O=CC1OC1C#N,-0.284,-0.0679,0.2161,97.016378336,0,36,-0.52372,53.39,-359.2893
890,N#CC1NC1C#N,-0.3126,-0.0258,0.2868,93.03269709599999,1,34,-0.6260400000000002,69.52000000000001,-318.333546
891,CCC1OC1CC,-0.2561,0.0979,0.354,100.088815004,0,42,1.5737999999999999,12.53,-310.901859
892,OCCNCC#N,-0.2443,0.0265,0.2708,100.063662876,2,40,-0.90812,56.05,-341.817888
893,O=C1CCC1C#N,-0.2701,-0.0478,0.2223,95.03711378,0,36,0.48908,40.86,-323.388835
894,O=CCOCC#C,-0.2616,-0.0322,0.2294,98.036779432,0,38,-0.16489999999999994,26.3,-344.395504
895,O=CC1NC1C=O,-0.2638,-0.0506,0.2132,99.0320284,1,38,-1.2754000000000003,56.080000000000005,-360.487668
896,COC=NCC#C,-0.25,0.0199,0.2699,97.052763844,0,38,0.2943,21.59,-324.519114
897,CCOCCC=O,-0.2534,-0.025,0.2284,102.06807956,0,42,0.6119000000000001,26.3,-346.847691
898,COCC#CC=O,-0.2685,-0.0629,0.2057,98.036779432,0,38,-0.16490000000000005,26.3,-344.401963
899,COCCOC=O,-0.2703,0.015,0.2853,104.047344116,0,42,-0.19419999999999993,35.53,-382.78909
900,OC1CNC1C#N,-0.2601,0.0091,0.2692,98.048012812,2,38,-1.1573200000000001,56.05,-340.605162
901,N#CC1=CCCC1,-0.2596,-0.039,0.2206,93.057849224,0,36,1.62028,23.79,-287.471027
902,OCC1CC1C#C,-0.2406,0.0494,0.29,96.057514876,1,38,0.248,20.23,-308.454291
903,O=CC1OC1C#C,-0.2644,-0.0483,0.2161,96.021129368,0,36,-0.4140999999999999,29.6,-343.187683
904,CCC1NC1C#C,-0.2449,0.0377,0.2826,95.073499288,1,38,0.36999999999999994,21.94,-288.574347
905,OCC(C=O)C#C,-0.2526,-0.0323,0.2204,98.036779432,1,38,-0.573,37.3,-344.407881
906,CCC1OCC1=O,-0.2563,-0.0314,0.2249,100.052429496,0,40,0.36430000000000007,26.3,-345.645775
907,O=CCCCC#N,-0.2655,-0.0377,0.2278,97.052763844,0,38,0.87918,40.86,-324.595099
908,COCCCC=O,-0.2517,-0.0215,0.2302,102.06807956,0,42,0.6119000000000001,26.3,-346.84343
909,CCCCC#CC,-0.2394,0.0648,0.3042,96.093900384,0,40,2.1999000000000004,0.0,-273.763597
910,COC(C=O)C=O,-0.2513,-0.0542,0.197,102.031694052,0,40,-0.6008,43.370000000000005,-381.576619
911,CCC1(CC)CC1,-0.2621,0.0816,0.3437,98.109550448,0,42,2.5866000000000007,0.0,-274.974428
912,CC#CCCC=O,-0.2453,-0.0257,0.2196,96.057514876,0,38,0.9888,17.07,-308.497264
913,CC#CCC#CC,-0.2384,0.0491,0.2875,92.062600256,0,36,1.4231,0.0,-271.32618
914,C#CC1COCO1,-0.2631,0.0249,0.2881,98.036779432,0,38,-0.007500000000000062,18.46,-344.400642
915,O=CC1(CN1)C#N,-0.294,-0.0677,0.2263,96.032362748,1,36,-0.9491200000000002,62.800000000000004,-339.416924
916,CCC1NCC1=O,-0.242,-0.0236,0.2184,99.068413908,1,40,-0.06270000000000014,29.1,-325.765331
917,COC1COC1=N,-0.2561,0.0144,0.2705,101.047678464,1,40,0.008869999999999878,42.31,-361.684122
918,COCC#CC#N,-0.2798,-0.0517,0.2281,95.03711378,0,36,0.15977999999999998,33.019999999999996,-323.335527
919,CCC1COC1C,-0.2393,0.0836,0.3229,100.088815004,0,42,1.4313,9.23,-310.900085
920,CCC1(CO1)C#C,-0.261,0.0257,0.2867,96.057514876,0,38,0.7986,12.53,-308.456258
921,C#CC1NC1C#C,-0.248,0.018,0.266,91.04219916,1,34,-0.40680000000000005,21.94,-286.126216
922,OCC1(CC1)C#N,-0.2839,0.0232,0.3071,97.052763844,1,38,0.28248,44.019999999999996,-324.565309
923,OCC1CN1C=O,-0.2473,0.0124,0.2597,101.047678464,1,40,-1.1807,40.31,-361.686627
924,N#CC1=CCOC1,-0.2584,-0.0526,0.2058,95.03711378,0,36,0.46657999999999994,33.019999999999996,-323.384306
925,O=C1CNC1C#N,-0.2744,-0.0547,0.2197,96.032362748,1,36,-0.94912,52.89,-339.421345
926,C#CC1NC1C#N,-0.2735,-0.0033,0.2702,92.037448128,1,34,-0.5164200000000001,45.730000000000004,-302.231605
927,CCOCCC#C,-0.2563,0.0554,0.3118,98.07316494,0,40,1.0462,9.23,-309.67156
928,O=CC1NC1C#N,-0.2718,-0.0518,0.22,96.032362748,1,36,-0.9507200000000002,62.800000000000004,-339.412169
929,CCCC#CCO,-0.2407,0.0378,0.2785,98.07316494,1,40,0.7822,20.23,-309.67811
930,O=CC1(CC1)C#C,-0.2564,-0.0315,0.2249,94.041864812,0,36,0.5987,17.07,-307.275476
931,C#CCCCC#C,-0.2579,0.0391,0.297,92.062600256,0,36,1.4231,0.0,-271.309776
932,N#CC1(CO1)C#N,-0.3402,-0.0566,0.2836,94.016712684,0,34,-0.19744000000000006,60.11,-338.207212
933,OC(C#N)C1CN1,-0.2647,-0.0043,0.2604,98.048012812,2,38,-1.1573200000000001,65.96,-340.5988
934,OCC1COC=N1,-0.2525,0.0103,0.2628,101.047678464,1,40,-0.5942000000000001,41.82,-361.712712
935,OC(C=O)C1CN1,-0.2491,-0.0448,0.2043,101.047678464,2,40,-1.482,59.239999999999995,-361.679584
936,CNC(=O)C1CO1,-0.2484,0.0172,0.2656,101.047678464,1,40,-0.8688000000000002,41.63,-361.711865
937,OC(C#C)C1CO1,-0.2633,0.0211,0.2845,98.036779432,1,38,-0.6207,32.76,-344.372033
938,O=C(C#C)C1CC1,-0.2632,-0.0572,0.206,94.041864812,0,36,0.5987,17.07,-307.277592
939,OCC1CCC=C1,-0.2333,0.0308,0.2641,98.07316494,1,40,0.9449,20.23,-309.717722
940,CCC(=O)C1CC1,-0.2414,-0.0067,0.2347,98.07316494,0,40,1.3755,17.07,-309.727211
941,N=C(C=O)N1CC1,-0.2549,-0.0675,0.1874,98.048012812,1,38,-0.52183,43.93,-340.603977
942,COC1CCCO1,-0.2588,0.0883,0.3471,102.06807956,0,42,0.7693,18.46,-346.852134
943,CC(C=O)C1CO1,-0.2542,-0.0281,0.2261,100.052429496,0,40,0.22019999999999995,29.6,-345.629561
944,OCC1OCCO1,-0.2475,0.0774,0.3248,104.047344116,1,42,-0.6484000000000001,38.69,-382.775345
945,NC(C#N)C1CO1,-0.2749,0.0215,0.2964,98.048012812,2,38,-0.7639200000000002,62.34,-340.602879
946,CC(C=O)N1CC1,-0.2482,-0.0238,0.2244,99.068413908,0,40,-0.11060000000000003,20.08,-325.743555
947,O=C(C#C)C1CN1,-0.2632,-0.07,0.1933,95.03711378,1,36,-0.8395000000000001,39.010000000000005,-323.316972
948,NC(C#N)C1CN1,-0.2568,0.0152,0.272,97.06399722399999,3,38,-1.1909200000000002,71.75,-320.717689
949,O=CC(=O)C1CN1,-0.2605,-0.1046,0.156,99.0320284,1,38,-1.2738000000000003,56.08,-360.492171
950,OCC1CCCC1,-0.2615,0.0796,0.341,100.088815004,1,42,1.1689,20.23,-310.92397
951,CCC(=O)C1CN1,-0.2556,-0.0214,0.2342,99.068413908,1,40,-0.06269999999999992,39.010000000000005,-325.767237
952,OCC1OCC=C1,-0.2359,0.0086,0.2445,100.052429496,1,40,-0.06630000000000003,29.46,-345.641536
953,CCC1CCOC1,-0.2377,0.0819,0.3196,100.088815004,0,42,1.4329,9.23,-310.921993
954,OC(C=O)C1CO1,-0.2762,-0.0452,0.231,102.031694052,1,40,-1.0550000000000002,49.83,-381.558384
955,CCC1COC=N1,-0.2467,0.0231,0.2697,99.068413908,0,40,0.8235,21.59,-325.788975
956,CCC(=O)N1CC1,-0.2451,0.0086,0.2537,99.068413908,0,40,0.23860000000000003,20.08,-325.772737
957,CN(C=O)C1CC1,-0.2393,0.0279,0.2672,99.068413908,0,40,0.237,20.310000000000002,-325.775871
958,OCC1COCO1,-0.257,0.08,0.3371,104.047344116,1,42,-0.6484000000000001,38.69,-382.771832
959,CCC1COCO1,-0.2521,0.088,0.34,102.06807956,0,42,0.7693,18.46,-346.849627
960,CNC(=O)C1CC1,-0.2445,0.0356,0.2801,99.068413908,1,40,0.14239999999999992,29.1,-325.792791
961,O=C(C#C)C1CO1,-0.2701,-0.0702,0.1999,96.021129368,0,36,-0.4125000000000001,29.6,-343.191695
962,CNC(=O)N1CC1,-0.241,0.0411,0.2821,100.063662876,1,40,-0.35860000000000003,32.11,-341.834009
963,CC(C#N)C1CN1,-0.2571,0.0244,0.2815,96.06874825599999,1,38,0.11788000000000004,45.730000000000004,-304.679319
964,CC(C=O)C1CC1,-0.2424,-0.0173,0.2251,98.07316494,0,40,1.2314,17.07,-309.708964
965,CCC1OCC=C1,-0.2295,0.0185,0.248,98.07316494,0,40,1.3514,9.23,-309.718367
966,O=CC(=O)N1CC1,-0.2532,-0.0823,0.1709,99.0320284,0,38,-0.9725000000000001,37.15,-360.499416
967,COC1CCCC1,-0.2442,0.0835,0.3277,100.088815004,0,42,1.5754000000000001,9.23,-310.918846
968,O=C(C#N)N1CC1,-0.2885,-0.0696,0.2189,96.032362748,0,36,-0.6478200000000001,43.87,-339.423704
969,CC(C#N)N1CC1,-0.2583,0.0265,0.2848,96.06874825599999,0,38,0.21408000000000005,26.799999999999997,-304.671489
970,O=C(C#C)N1CC1,-0.26,-0.0436,0.2164,95.03711378,0,36,-0.5382,20.08,-323.322486
971,NC(C#N)C1CC1,-0.2606,0.0246,0.2852,96.06874825599999,2,38,0.24728000000000022,49.81,-304.680012
972,OC(C#N)C1CC1,-0.2964,0.0131,0.3095,97.052763844,1,38,0.28087999999999996,44.019999999999996,-324.559273
973,OC(C=O)C1CC1,-0.2653,-0.0364,0.229,100.052429496,1,40,-0.04380000000000006,37.3,-345.638747
974,O=C(C#N)C1CC1,-0.2944,-0.0856,0.2088,95.03711378,0,36,0.48907999999999996,40.86,-323.378639
975,CC(C#C)C1CC1,-0.2568,0.0558,0.3126,94.07825032,0,38,1.6657,0.0,-272.530489
976,OC(C#N)C1CO1,-0.2884,-0.0014,0.287,99.0320284,1,38,-0.7303200000000001,56.55,-360.477008
977,COC1CCOC1,-0.2428,0.0833,0.3261,102.06807956,0,42,0.42169999999999996,18.46,-346.837237
978,O=C(C#N)C1CN1,-0.2846,-0.0991,0.1856,96.032362748,1,36,-0.9491200000000002,62.8,-339.416052
979,CC(C#C)C1CO1,-0.2582,0.0503,0.3085,96.057514876,0,38,0.6545,12.53,-308.451915
980,O=CC(=O)C1CO1,-0.2586,-0.1017,0.157,100.016043988,0,38,-0.8468000000000002,46.67,-380.364469
981,O=C(C#N)C1CO1,-0.3012,-0.1001,0.2011,97.016378336,0,36,-0.5221200000000001,53.39,-359.290965
982,COC1OCC=C1,-0.2526,0.0095,0.2621,100.052429496,0,40,0.5453,18.46,-345.640611
983,CC(C#N)C1CC1,-0.3001,0.0365,0.3366,95.073499288,0,38,1.5560800000000001,23.79,-288.640026
984,CCC1CCCC1,-0.3018,0.0824,0.3842,98.109550448,0,42,2.5866000000000007,0.0,-275.002533
985,OC(C#C)C1CN1,-0.2457,0.0185,0.2643,97.052763844,2,38,-1.0477,42.17,-324.49375
986,CCC1OCCO1,-0.252,0.0914,0.3434,102.06807956,0,42,0.7693,18.46,-346.853496
987,CNC(=O)C1CN1,-0.2504,0.0203,0.2706,100.063662876,2,40,-1.2957999999999996,51.040000000000006,-341.833614
988,CC(C=O)C1CN1,-0.2485,-0.0408,0.2077,99.068413908,1,40,-0.20680000000000004,39.010000000000005,-325.745063
989,CCC1CCCO1,-0.2373,0.087,0.3243,100.088815004,0,42,1.5754000000000001,9.23,-310.927546
990,OCC1CCCO1,-0.2453,0.0789,0.3242,102.06807956,1,42,0.15769999999999995,29.46,-346.851105
991,CC(C#N)C1CO1,-0.2826,0.0301,0.3127,97.052763844,0,38,0.54488,36.32,-324.560194
992,N=C(C#N)N1CC1,-0.2712,-0.0542,0.217,95.04834715999999,1,36,-0.19714999999999994,50.65,-319.525847
993,CCC(=O)C1CO1,-0.2495,-0.025,0.2245,100.052429496,0,40,0.36429999999999996,29.6,-345.642146
994,COC1CCC=C1,-0.2424,0.0214,0.2639,98.07316494,0,40,1.3514,9.23,-309.711124
995,OCC1CCOC1,-0.2474,0.076,0.3234,102.06807956,1,42,0.01519999999999988,29.46,-346.844039
996,OC(C#C)C1CC1,-0.2658,0.0299,0.2957,96.057514876,1,38,0.39049999999999996,20.23,-308.452539
997,CC(C#C)N1CC1,-0.2381,0.0464,0.2845,95.073499288,0,38,0.3237,3.01,-288.563448
998,O=CC(=O)C1CC1,-0.2475,-0.0936,0.1539,98.036779432,0,38,0.16439999999999988,34.14,-344.446591
999,C,-0.3877,0.1171,0.5048,16.031300127999998,0,8,0.6361,0.0,-40.475117
